-- Seed departments + catalog master from legacy WNHScan project
BEGIN;

INSERT INTO public.departments (id, name, code, created_at) VALUES
  ('ae1e4356-1f88-441a-b668-01f8da9f5a2a'::uuid, 'ห้องผ่าตัด', 'OR', '2026-06-20 15:38:25.011503+00'::timestamptz),
  ('e6a13403-5dd8-448d-b84a-75432fc97871'::uuid, 'วิสัญญี', 'AN', '2026-06-20 15:38:25.011503+00'::timestamptz)
ON CONFLICT (id) DO NOTHING;

INSERT INTO public.item_groups (id, name, sort_order, created_at, code) VALUES
  ('e3079b32-9dd5-42fe-8cdf-bfb7f20e09db'::uuid, 'ครุภัณฑ์', 1, '2026-06-20 15:41:17.391463+00'::timestamptz, '1'),
  ('116ee932-9c79-48fe-b7d3-a4d35704ed46'::uuid, 'วัสดุ', 2, '2026-06-20 15:41:17.391463+00'::timestamptz, '2'),
  ('b5129ccd-0adf-4386-bb5d-7f3235814278'::uuid, 'ที่ดินและสิ่งปลูกสร้าง', 3, '2026-06-20 15:41:17.391463+00'::timestamptz, '3'),
  ('bb8702d2-af05-4d69-8ef5-e788c09a532a'::uuid, 'ใช้สอย', 4, '2026-06-20 15:41:17.391463+00'::timestamptz, '4'),
  ('6d8b16a4-3fe3-494b-acc0-35d068a345b9'::uuid, 'บุคคลากร', 5, '2026-06-20 15:41:17.391463+00'::timestamptz, '5')
ON CONFLICT (id) DO NOTHING;

INSERT INTO public.item_subgroups (id, group_id, name, sort_order, created_at, code) VALUES
  ('acc22f3f-08f8-47ea-9c28-d1d420f60bde'::uuid, '116ee932-9c79-48fe-b7d3-a4d35704ed46'::uuid, 'วัสดุก่อสร้าง', 1, '2026-06-20 15:41:17.391463+00'::timestamptz, '201'),
  ('21fad7d4-993f-44cb-8b44-37ea9b23005d'::uuid, '116ee932-9c79-48fe-b7d3-a4d35704ed46'::uuid, 'วัสดุการเกษตร', 2, '2026-06-20 15:41:17.391463+00'::timestamptz, '202'),
  ('94923931-6821-4aa1-a2c7-ca18fcec75f7'::uuid, '116ee932-9c79-48fe-b7d3-a4d35704ed46'::uuid, 'วัสดุการแพทย์', 3, '2026-06-20 15:41:17.391463+00'::timestamptz, '203'),
  ('9ea04438-a698-48a9-9129-699fa505214f'::uuid, '116ee932-9c79-48fe-b7d3-a4d35704ed46'::uuid, 'วัสดุกีฬา', 4, '2026-06-20 15:41:17.391463+00'::timestamptz, '204'),
  ('0845813b-e3c6-45b8-a23f-ce42eafb059c'::uuid, '116ee932-9c79-48fe-b7d3-a4d35704ed46'::uuid, 'วัสดุคอมพิวเตอร์', 5, '2026-06-20 15:41:17.391463+00'::timestamptz, '205'),
  ('2c210eb2-5ff2-4a2f-b822-65f4d1b3bc05'::uuid, '116ee932-9c79-48fe-b7d3-a4d35704ed46'::uuid, 'วัสดุเครื่องแต่งกาย', 6, '2026-06-20 15:41:17.391463+00'::timestamptz, '206'),
  ('d8c4d01b-1117-427b-9639-e8a4e6adaef8'::uuid, '116ee932-9c79-48fe-b7d3-a4d35704ed46'::uuid, 'วัสดุโฆษณาและเผยแพร่', 7, '2026-06-20 15:41:17.391463+00'::timestamptz, '207'),
  ('e4dafbb9-a96c-4e73-8b55-d34ca3d22ea3'::uuid, '116ee932-9c79-48fe-b7d3-a4d35704ed46'::uuid, 'วัสดุงานบ้านงานครัว', 8, '2026-06-20 15:41:17.391463+00'::timestamptz, '208'),
  ('ccdccde6-8eb5-4665-8476-4d908a5d0858'::uuid, '116ee932-9c79-48fe-b7d3-a4d35704ed46'::uuid, 'วัสดุเชื้อเพลิงและหล่อลื่น', 9, '2026-06-20 15:41:17.391463+00'::timestamptz, '209'),
  ('a7e7f151-b106-434e-b2a2-99a82942d817'::uuid, '116ee932-9c79-48fe-b7d3-a4d35704ed46'::uuid, 'วัสดุไฟฟ้าและวิทยุ', 10, '2026-06-20 15:41:17.391463+00'::timestamptz, '210'),
  ('688e32ff-f178-4ce1-b0bb-507e279066af'::uuid, '116ee932-9c79-48fe-b7d3-a4d35704ed46'::uuid, 'วัสดุวิทยาศาสตร์และการแพทย์', 11, '2026-06-20 15:41:17.391463+00'::timestamptz, '211'),
  ('67e7fd71-3d6b-46dd-9bf4-f9248f01b0b0'::uuid, '116ee932-9c79-48fe-b7d3-a4d35704ed46'::uuid, 'วัสดุสำนักงาน', 12, '2026-06-20 15:41:17.391463+00'::timestamptz, '212'),
  ('c6d718ba-deeb-47be-825d-44b9b392800c'::uuid, '116ee932-9c79-48fe-b7d3-a4d35704ed46'::uuid, 'วัสดุสิ่งพิมพ์', 13, '2026-06-20 15:41:17.391463+00'::timestamptz, '213'),
  ('59b9fcc5-ce35-4a88-826e-7ebc0d24d0dc'::uuid, '116ee932-9c79-48fe-b7d3-a4d35704ed46'::uuid, 'เวชภัณฑ์ที่มิใช่ยา', 14, '2026-06-20 15:41:17.391463+00'::timestamptz, '214'),
  ('e8b85786-02d9-4604-aabd-6dac187b1b18'::uuid, '116ee932-9c79-48fe-b7d3-a4d35704ed46'::uuid, 'วัสดุอื่น ๆ', 15, '2026-06-20 15:41:17.391463+00'::timestamptz, '215'),
  ('3e82e8ce-a5a8-4034-a9ad-757d23a19d8e'::uuid, '116ee932-9c79-48fe-b7d3-a4d35704ed46'::uuid, 'วัสดุบริโภค', 16, '2026-06-20 15:41:17.391463+00'::timestamptz, '216'),
  ('d3fd828b-f872-4845-a197-2c69ccb951ce'::uuid, '116ee932-9c79-48fe-b7d3-a4d35704ed46'::uuid, 'วัสดุยานพาหนะและขนส่ง', 17, '2026-06-20 15:41:17.391463+00'::timestamptz, '217'),
  ('156f0879-1887-4ad7-8c65-c6fbf6a136fb'::uuid, '116ee932-9c79-48fe-b7d3-a4d35704ed46'::uuid, 'วัสดุทันตกรรม', 18, '2026-06-20 15:41:17.391463+00'::timestamptz, '218'),
  ('04c3d18d-7898-4f3b-a2e4-b5da112249fd'::uuid, '116ee932-9c79-48fe-b7d3-a4d35704ed46'::uuid, 'วัสดุเอกซเรย์', 19, '2026-06-20 15:41:17.391463+00'::timestamptz, '219'),
  ('62550176-86f6-4d65-a264-b45e4524cd79'::uuid, '116ee932-9c79-48fe-b7d3-a4d35704ed46'::uuid, 'วัสดุเภสัชกรรม', 20, '2026-06-20 15:41:17.391463+00'::timestamptz, '220'),
  ('68ad1e12-91b0-4e28-a991-22c1d5031ec8'::uuid, '116ee932-9c79-48fe-b7d3-a4d35704ed46'::uuid, 'ยานอกบัญชี', 21, '2026-06-20 15:41:17.391463+00'::timestamptz, '221'),
  ('4751899f-3300-40f8-a99a-9af402554098'::uuid, '116ee932-9c79-48fe-b7d3-a4d35704ed46'::uuid, 'ยาในบัญชี', 22, '2026-06-20 15:41:17.391463+00'::timestamptz, '222'),
  ('1db947e8-6198-42cd-9275-186ba7d4c292'::uuid, '116ee932-9c79-48fe-b7d3-a4d35704ed46'::uuid, 'วัสดุการแพทย์ราคาแพง', 23, '2026-06-20 15:41:17.391463+00'::timestamptz, '223'),
  ('a6091f57-c27c-4413-9656-fc1a73502e1e'::uuid, 'e3079b32-9dd5-42fe-8cdf-bfb7f20e09db'::uuid, 'ครุภัณฑ์ก่อสร้าง', 1, '2026-06-20 15:41:17.391463+00'::timestamptz, '101'),
  ('e6127db2-c15a-4f65-8bfc-0e35544ac0a3'::uuid, 'e3079b32-9dd5-42fe-8cdf-bfb7f20e09db'::uuid, 'ครุภัณฑ์การเกษตร', 2, '2026-06-20 15:41:17.391463+00'::timestamptz, '102'),
  ('1f2c3f8a-4aaa-4f3f-8122-7df57b3018da'::uuid, 'e3079b32-9dd5-42fe-8cdf-bfb7f20e09db'::uuid, 'ครุภัณฑ์วิทยาศาสตร์และการแพทย์', 3, '2026-06-20 15:41:17.391463+00'::timestamptz, '103'),
  ('7911b0b1-ff5f-4098-be29-6e0e0dae98b8'::uuid, 'e3079b32-9dd5-42fe-8cdf-bfb7f20e09db'::uuid, 'ครุภัณฑ์การศึกษา', 4, '2026-06-20 15:41:17.391463+00'::timestamptz, '104'),
  ('76fe6971-e5d7-4104-951e-24c2cb01c962'::uuid, 'e3079b32-9dd5-42fe-8cdf-bfb7f20e09db'::uuid, 'ครุภัณฑ์โฆษณาและเผยแพร่', 5, '2026-06-20 15:41:17.391463+00'::timestamptz, '105'),
  ('1e6202c5-5d7b-4520-99dc-d1b51fbb4823'::uuid, 'e3079b32-9dd5-42fe-8cdf-bfb7f20e09db'::uuid, 'ครุภัณฑ์งานบ้านงานครัว', 6, '2026-06-20 15:41:17.391463+00'::timestamptz, '106'),
  ('dea254e1-a0f5-42f2-952a-443da8340332'::uuid, 'e3079b32-9dd5-42fe-8cdf-bfb7f20e09db'::uuid, 'ครุภัณฑ์ไฟฟ้าและวิทยุ', 7, '2026-06-20 15:41:17.391463+00'::timestamptz, '107'),
  ('7db76d98-5887-4771-825c-d50c0df60909'::uuid, 'e3079b32-9dd5-42fe-8cdf-bfb7f20e09db'::uuid, 'ครุภัณฑ์ยานพาหนะและขนส่ง', 8, '2026-06-20 15:41:17.391463+00'::timestamptz, '108'),
  ('008d053b-70db-45c3-9b82-e0926caadd1c'::uuid, 'e3079b32-9dd5-42fe-8cdf-bfb7f20e09db'::uuid, 'ครุภัณฑ์โรงงาน', 9, '2026-06-20 15:41:17.391463+00'::timestamptz, '109'),
  ('e81e6451-8c57-4108-b8ac-164a6c95ee8a'::uuid, 'e3079b32-9dd5-42fe-8cdf-bfb7f20e09db'::uuid, 'ครุภัณฑ์สำนักงาน', 10, '2026-06-20 15:41:17.391463+00'::timestamptz, '110'),
  ('48928b6d-ed66-4d66-9663-393d17e281dd'::uuid, 'e3079b32-9dd5-42fe-8cdf-bfb7f20e09db'::uuid, 'ครุภัณฑ์กีฬา', 11, '2026-06-20 15:41:17.391463+00'::timestamptz, '111'),
  ('29b022d2-8baa-449a-b9c5-a07b406847d0'::uuid, 'e3079b32-9dd5-42fe-8cdf-bfb7f20e09db'::uuid, 'ครุภัณฑ์ดนตรีและนาฏศิลป์', 12, '2026-06-20 15:41:17.391463+00'::timestamptz, '112'),
  ('86fd178e-fb2a-471c-b212-72d16e641e12'::uuid, 'e3079b32-9dd5-42fe-8cdf-bfb7f20e09db'::uuid, 'ครุภัณฑ์คอมพิวเตอร์', 13, '2026-06-20 15:41:17.391463+00'::timestamptz, '113'),
  ('a4859127-7026-425b-8460-2a50ac9c32b5'::uuid, 'e3079b32-9dd5-42fe-8cdf-bfb7f20e09db'::uuid, 'ครุภัณฑ์สนาม', 14, '2026-06-20 15:41:17.391463+00'::timestamptz, '114'),
  ('30c02600-7a23-41d8-86b3-1ec885b6f2f4'::uuid, 'e3079b32-9dd5-42fe-8cdf-bfb7f20e09db'::uuid, 'โปรแกรมคอมพิวเตอร์', 15, '2026-06-20 15:41:17.391463+00'::timestamptz, '115'),
  ('6bcfa809-de37-4a93-b40e-83fa43837f33'::uuid, 'e3079b32-9dd5-42fe-8cdf-bfb7f20e09db'::uuid, 'ครุภัณฑ์อื่น ๆ', 16, '2026-06-20 15:41:17.391463+00'::timestamptz, '116'),
  ('b3010301-0000-4000-8000-000000000301'::uuid, 'b5129ccd-0adf-4386-bb5d-7f3235814278'::uuid, 'สินทรัพย์ไม่มีตัวตนอื่น', 1, '2026-06-20 15:41:17.391463+00'::timestamptz, '301'),
  ('b3010302-0000-4000-8000-000000000302'::uuid, 'b5129ccd-0adf-4386-bb5d-7f3235814278'::uuid, 'อาคารเพื่อการพักอาศัย', 2, '2026-06-20 15:41:17.391463+00'::timestamptz, '302'),
  ('b3010303-0000-4000-8000-000000000303'::uuid, 'b5129ccd-0adf-4386-bb5d-7f3235814278'::uuid, 'อาคารสำนักงาน', 3, '2026-06-20 15:41:17.391463+00'::timestamptz, '303'),
  ('b3010304-0000-4000-8000-000000000304'::uuid, 'b5129ccd-0adf-4386-bb5d-7f3235814278'::uuid, 'อาคารเพื่อประโยชน์อื่น', 4, '2026-06-20 15:41:17.391463+00'::timestamptz, '304'),
  ('b3010305-0000-4000-8000-000000000305'::uuid, 'b5129ccd-0adf-4386-bb5d-7f3235814278'::uuid, 'ส่วนปรับปรุงอาคาร', 5, '2026-06-20 15:41:17.391463+00'::timestamptz, '305'),
  ('b3010306-0000-4000-8000-000000000306'::uuid, 'b5129ccd-0adf-4386-bb5d-7f3235814278'::uuid, 'สิ่งปลูกสร้าง', 6, '2026-06-20 15:41:17.391463+00'::timestamptz, '306'),
  ('b3010307-0000-4000-8000-000000000307'::uuid, 'b5129ccd-0adf-4386-bb5d-7f3235814278'::uuid, 'ระบบประปา', 7, '2026-06-20 15:41:17.391463+00'::timestamptz, '307'),
  ('b3010308-0000-4000-8000-000000000308'::uuid, 'b5129ccd-0adf-4386-bb5d-7f3235814278'::uuid, 'ระบบบำบัดน้ำเสีย', 8, '2026-06-20 15:41:17.391463+00'::timestamptz, '308'),
  ('b3010309-0000-4000-8000-000000000309'::uuid, 'b5129ccd-0adf-4386-bb5d-7f3235814278'::uuid, 'ระบบไฟฟ้า', 9, '2026-06-20 15:41:17.391463+00'::timestamptz, '309'),
  ('b3010310-0000-4000-8000-000000000310'::uuid, 'b5129ccd-0adf-4386-bb5d-7f3235814278'::uuid, 'ระบบโทรศัพท์', 10, '2026-06-20 15:41:17.391463+00'::timestamptz, '310'),
  ('b3010311-0000-4000-8000-000000000311'::uuid, 'b5129ccd-0adf-4386-bb5d-7f3235814278'::uuid, 'ระบบถนนภายใน', 11, '2026-06-20 15:41:17.391463+00'::timestamptz, '311'),
  ('b3010312-0000-4000-8000-000000000312'::uuid, 'b5129ccd-0adf-4386-bb5d-7f3235814278'::uuid, 'งานระหว่างก่อสร้าง', 12, '2026-06-20 15:41:17.391463+00'::timestamptz, '312'),
  ('b3010313-0000-4000-8000-000000000313'::uuid, 'b5129ccd-0adf-4386-bb5d-7f3235814278'::uuid, 'สินทรัพย์รอการโอน', 13, '2026-06-20 15:41:17.391463+00'::timestamptz, '313'),
  ('b3010314-0000-4000-8000-000000000314'::uuid, 'b5129ccd-0adf-4386-bb5d-7f3235814278'::uuid, 'อาคารและสิ่งปลูกสร้างไม่ระบุราคา', 14, '2026-06-20 15:41:17.391463+00'::timestamptz, '314')
ON CONFLICT (id) DO NOTHING;

INSERT INTO public.items (id, code, name, unit, price, barcode, subgroup_id, created_at, updated_at, deleted_at) VALUES
  ('4490eb26-4f5e-49a5-87b4-00bfd82e7b58'::uuid, '10000027', 'Arm Sling no. S set', 'ชิ้น', 40.00, '10000027', '94923931-6821-4aa1-a2c7-ca18fcec75f7'::uuid, '2026-06-21 13:03:39.785331+00'::timestamptz, '2026-06-21 13:03:39.785331+00'::timestamptz, NULL),
  ('fc4c9c42-167e-4761-b06a-83cd306723bd'::uuid, '10000029', 'Arm Sling no. L set', 'ชิ้น', 40.00, '10000029', '94923931-6821-4aa1-a2c7-ca18fcec75f7'::uuid, '2026-06-21 13:03:39.785331+00'::timestamptz, '2026-06-21 13:03:39.785331+00'::timestamptz, NULL),
  ('b1fd84f8-4b58-4b78-9829-26147343e171'::uuid, '10000030', 'Arm Sling no. XL set', 'ชิ้น', 40.00, '10000030', '94923931-6821-4aa1-a2c7-ca18fcec75f7'::uuid, '2026-06-21 13:03:39.785331+00'::timestamptz, '2026-06-21 13:03:39.785331+00'::timestamptz, NULL),
  ('c36e2220-a416-4bdf-b803-c150e1b72ed6'::uuid, '10000032', 'Autoclave Tape 3/4 นิ้ว ม้วน', 'ม้วน', 69.55, '10000032', '94923931-6821-4aa1-a2c7-ca18fcec75f7'::uuid, '2026-06-21 13:03:39.785331+00'::timestamptz, '2026-06-21 13:03:39.785331+00'::timestamptz, NULL),
  ('e1150555-84a4-41f6-bc6a-f54cf5b66cd3'::uuid, '10000033', '3E- Zyme 4 LQ(น้ำยา ) gal 5 lits', 'แกลลอน', 3600.00, '10000033', '94923931-6821-4aa1-a2c7-ca18fcec75f7'::uuid, '2026-06-21 13:03:39.785331+00'::timestamptz, '2026-06-21 13:03:39.785331+00'::timestamptz, NULL),
  ('c287fd20-62aa-4ae9-a8ce-a6efd9e1a18d'::uuid, '10000034', 'Alcohol Swab blister set 0.35g', 'แผง', 4.00, '10000034', '94923931-6821-4aa1-a2c7-ca18fcec75f7'::uuid, '2026-06-21 13:03:39.785331+00'::timestamptz, '2026-06-21 13:03:39.785331+00'::timestamptz, NULL),
  ('92f2305a-156f-4d8a-ae24-7ecb75fd5cb5'::uuid, '10000040', 'blood transfusion set', 'ชุด', 23.00, '10000040', '94923931-6821-4aa1-a2c7-ca18fcec75f7'::uuid, '2026-06-21 13:03:39.785331+00'::timestamptz, '2026-06-21 13:03:39.785331+00'::timestamptz, NULL),
  ('13a6a8ea-6b9d-4ccf-a864-b8867d9b90bb'::uuid, '10000061', 'COMPLY INDICATOR box อบไอน้ำ', 'กล่อง', 856.00, '10000061', '94923931-6821-4aa1-a2c7-ca18fcec75f7'::uuid, '2026-06-21 13:03:39.785331+00'::timestamptz, '2026-06-21 13:03:39.785331+00'::timestamptz, NULL),
  ('2937307d-d23c-45c2-8665-7515e7a2549c'::uuid, '10000072', 'Chromic Cat Gutn.0 (ติดเข็ม)', 'ชิ้น', 50.00, '10000072', '94923931-6821-4aa1-a2c7-ca18fcec75f7'::uuid, '2026-06-21 13:03:39.785331+00'::timestamptz, '2026-06-21 13:03:39.785331+00'::timestamptz, NULL),
  ('a9ce20d8-3959-468c-8f1d-ab6b4a2b42db'::uuid, '10000073', 'Chromic catgut n.1/0(ไม่ติดเข็ม)', 'ชิ้น', 49.04, '10000073', '94923931-6821-4aa1-a2c7-ca18fcec75f7'::uuid, '2026-06-21 13:03:39.785331+00'::timestamptz, '2026-06-21 13:03:39.785331+00'::timestamptz, NULL),
  ('436c1bd7-1a02-4de2-ba68-c0b7df26b4ee'::uuid, '10000074', 'Chromic cat gut n.1/ 0 (ติดเข็ม) เข็มราวน์ 40 mm.', 'ชิ้น', 53.50, '10000074', '94923931-6821-4aa1-a2c7-ca18fcec75f7'::uuid, '2026-06-21 13:03:39.785331+00'::timestamptz, '2026-06-21 13:03:39.785331+00'::timestamptz, NULL),
  ('f489cabb-fda2-4aac-b999-dc9ab21480db'::uuid, '10000075', 'Chromic catgut n.2/0(ไม่ติดเข็ม', 'ชิ้น', 95.84, '10000075', '94923931-6821-4aa1-a2c7-ca18fcec75f7'::uuid, '2026-06-21 13:03:39.785331+00'::timestamptz, '2026-06-21 13:03:39.785331+00'::timestamptz, NULL),
  ('a358699d-00bf-4373-b10b-f4c265bfcf34'::uuid, '10000076', 'Chromic cat gut n.2/ 0 (ติดเข็ม)', 'ชิ้น', 53.50, '10000076', '94923931-6821-4aa1-a2c7-ca18fcec75f7'::uuid, '2026-06-21 13:03:39.785331+00'::timestamptz, '2026-06-21 13:03:39.785331+00'::timestamptz, NULL),
  ('dac9f5b0-23ed-4be6-b816-e131045f380b'::uuid, '10000078', 'Chromic cat gut n.3/ 0 (ติดเข็ม)', 'ชิ้น', 50.00, '10000078', '94923931-6821-4aa1-a2c7-ca18fcec75f7'::uuid, '2026-06-21 13:03:39.785331+00'::timestamptz, '2026-06-21 13:03:39.785331+00'::timestamptz, NULL),
  ('243ac65b-3db9-4887-8982-906efaed4709'::uuid, '10000127', 'Dis.nonsterile gloveXS กล่อง XS', 'กล่อง', 128.40, '10000127', '94923931-6821-4aa1-a2c7-ca18fcec75f7'::uuid, '2026-06-21 13:03:39.785331+00'::timestamptz, '2026-06-21 13:03:39.785331+00'::timestamptz, NULL),
  ('ac089475-7f9f-43f3-aa6d-3e8fb38e6920'::uuid, '10000128', 'Dis.nonsterile gloveS กล่อง S', 'กล่อง', 128.40, '10000128', '94923931-6821-4aa1-a2c7-ca18fcec75f7'::uuid, '2026-06-21 13:03:39.785331+00'::timestamptz, '2026-06-21 13:03:39.785331+00'::timestamptz, NULL),
  ('3d81f944-24a4-413a-8956-59735236d3a9'::uuid, '10000129', 'Dis.nonsterile glove M กล่อง M', 'กล่อง', 128.40, '10000129', '94923931-6821-4aa1-a2c7-ca18fcec75f7'::uuid, '2026-06-21 13:03:39.785331+00'::timestamptz, '2026-06-21 13:03:39.785331+00'::timestamptz, NULL),
  ('f8d3fe5b-6e60-43e0-b45a-4c912ae948f5'::uuid, '10000130', 'Dis.nonsterile glove L กล่อง L', 'กล่อง', 128.40, '10000130', '94923931-6821-4aa1-a2c7-ca18fcec75f7'::uuid, '2026-06-21 13:03:39.785331+00'::timestamptz, '2026-06-21 13:03:39.785331+00'::timestamptz, NULL),
  ('d6eb03e1-7bb1-4b27-a4ab-132d75f9f6ae'::uuid, '10000131', 'Disp. sterile glove no. 6.5 คู่ 6.5 ไม่มีแป้ง', 'คู่', 17.12, '10000131', '94923931-6821-4aa1-a2c7-ca18fcec75f7'::uuid, '2026-06-21 13:03:39.785331+00'::timestamptz, '2026-06-21 13:03:39.785331+00'::timestamptz, NULL),
  ('566250fd-6ebd-4d11-a459-75b710a5c7cb'::uuid, '10000132', 'Disp. sterile glove no7 คู่ 7 ไม่มีแป้ง', 'คู่', 17.12, '10000132', '94923931-6821-4aa1-a2c7-ca18fcec75f7'::uuid, '2026-06-21 13:03:39.785331+00'::timestamptz, '2026-06-21 13:03:39.785331+00'::timestamptz, NULL),
  ('c8bfc7bc-a40e-4471-bfc3-31d384637ae9'::uuid, '10000133', 'Disp. sterile glove no7.5 คู่ 7.5ไม่มีแป้ง', 'คู่', 17.12, '10000133', '94923931-6821-4aa1-a2c7-ca18fcec75f7'::uuid, '2026-06-21 13:03:39.785331+00'::timestamptz, '2026-06-21 13:03:39.785331+00'::timestamptz, NULL),
  ('98fe8f24-281f-441a-9468-4eb5501987f8'::uuid, '10000134', 'Disp. sterile glove no.8 คู่ 8 ไม่มีแป้ง', 'คู่', 17.12, '10000134', '94923931-6821-4aa1-a2c7-ca18fcec75f7'::uuid, '2026-06-21 13:03:39.785331+00'::timestamptz, '2026-06-21 13:03:39.785331+00'::timestamptz, NULL),
  ('f11a5206-85a7-4918-adb9-e7cd0bfd1883'::uuid, '10000155', 'Extention Tube Set', 'ชุด', 4.75, '10000155', '94923931-6821-4aa1-a2c7-ca18fcec75f7'::uuid, '2026-06-21 13:03:39.785331+00'::timestamptz, '2026-06-21 13:03:39.785331+00'::timestamptz, NULL),
  ('74e9fd58-69b0-41d6-840c-ca11441c0fc0'::uuid, '10000159', 'Elastic Bandage 4 " ม้วน', 'ม้วน', 21.63, '10000159', '94923931-6821-4aa1-a2c7-ca18fcec75f7'::uuid, '2026-06-21 13:03:39.785331+00'::timestamptz, '2026-06-21 13:03:39.785331+00'::timestamptz, NULL),
  ('21cd50f1-5abf-4470-8da0-7abae73f2ebd'::uuid, '10000160', 'Elastic Bandage 6 " ม้วน', 'ม้วน', 26.67, '10000160', '94923931-6821-4aa1-a2c7-ca18fcec75f7'::uuid, '2026-06-21 13:03:39.785331+00'::timestamptz, '2026-06-21 13:03:39.785331+00'::timestamptz, NULL),
  ('bc7c4ea5-70ae-42f5-b0a3-e5e0f5db4df4'::uuid, '10000161', 'Ethelon no. 1 (ติดเข็ม) set', 'ชิ้น', 54.17, '10000161', '94923931-6821-4aa1-a2c7-ca18fcec75f7'::uuid, '2026-06-21 13:03:39.785331+00'::timestamptz, '2026-06-21 13:03:39.785331+00'::timestamptz, NULL),
  ('d04e1a49-b472-4791-b69a-82122980789d'::uuid, '10000162', 'Ethelon no. 2/0 (ติดเข็ม) โหล (ติดเข็ม)', 'ชิ้น', 35.00, '10000162', '94923931-6821-4aa1-a2c7-ca18fcec75f7'::uuid, '2026-06-21 13:03:39.785331+00'::timestamptz, '2026-06-21 13:03:39.785331+00'::timestamptz, NULL),
  ('d405063f-ca86-4200-8580-653dc71de9f1'::uuid, '10000163', 'Ethelon no.3/0 (ติดเข็ม) โหล (ติดเข็ม)', 'ชิ้น', 35.00, '10000163', '94923931-6821-4aa1-a2c7-ca18fcec75f7'::uuid, '2026-06-21 13:03:39.785331+00'::timestamptz, '2026-06-21 13:03:39.785331+00'::timestamptz, NULL),
  ('91a445bc-85aa-4a75-82ef-350794fb8311'::uuid, '10000164', 'Ethelon no. 4/0 (ติดเข็ม) โหล (ติดเข็ม)', 'ชิ้น', 35.00, '10000164', '94923931-6821-4aa1-a2c7-ca18fcec75f7'::uuid, '2026-06-21 13:03:39.785331+00'::timestamptz, '2026-06-21 13:03:39.785331+00'::timestamptz, NULL),
  ('91f710af-7541-4f66-ace1-2e9b3bb64762'::uuid, '10000182', 'Eye shield', 'ชิ้น', 20.00, '10000182', '94923931-6821-4aa1-a2c7-ca18fcec75f7'::uuid, '2026-06-21 13:03:39.785331+00'::timestamptz, '2026-06-21 13:03:39.785331+00'::timestamptz, NULL),
  ('bcb3560a-4d92-4abd-8d9b-81a34ffa36ef'::uuid, '10000183', 'Finger splint 1" อัน', 'อัน', 35.00, '10000183', '94923931-6821-4aa1-a2c7-ca18fcec75f7'::uuid, '2026-06-21 13:03:39.785331+00'::timestamptz, '2026-06-21 13:03:39.785331+00'::timestamptz, NULL),
  ('a52ecb6a-b110-4be3-a989-80e910dea997'::uuid, '10000184', 'Finger splint 3/4" อัน', 'อัน', 35.00, '10000184', '94923931-6821-4aa1-a2c7-ca18fcec75f7'::uuid, '2026-06-21 13:03:39.785331+00'::timestamptz, '2026-06-21 13:03:39.785331+00'::timestamptz, NULL),
  ('3d96f2a8-ed1c-4780-a007-154616947ff5'::uuid, '10000186', 'Foley'' Cath no.8 set', 'เส้น', 45.00, '10000186', '94923931-6821-4aa1-a2c7-ca18fcec75f7'::uuid, '2026-06-21 13:03:39.785331+00'::timestamptz, '2026-06-21 13:03:39.785331+00'::timestamptz, NULL),
  ('05fc0008-ad2e-429a-ae2f-8593349bcd4d'::uuid, '10000188', 'Foley'' Cath no.14 set', 'เส้น', 25.00, '10000188', '94923931-6821-4aa1-a2c7-ca18fcec75f7'::uuid, '2026-06-21 13:03:39.785331+00'::timestamptz, '2026-06-21 13:03:39.785331+00'::timestamptz, NULL),
  ('c0f9604e-36e0-41d2-8e4b-410a264f4eb8'::uuid, '10000189', 'Foley'' Cath no.16 set', 'เส้น', 25.00, '10000189', '94923931-6821-4aa1-a2c7-ca18fcec75f7'::uuid, '2026-06-21 13:03:39.785331+00'::timestamptz, '2026-06-21 13:03:39.785331+00'::timestamptz, NULL),
  ('11b4c5ab-09bb-4dd9-b87f-466ba9738ee3'::uuid, '10000190', 'Foley'' Cath no.18 set', 'เส้น', 25.00, '10000190', '94923931-6821-4aa1-a2c7-ca18fcec75f7'::uuid, '2026-06-21 13:03:39.785331+00'::timestamptz, '2026-06-21 13:03:39.785331+00'::timestamptz, NULL),
  ('fbbb2881-8913-4275-aa9d-7e7a25126fa0'::uuid, '10000205', 'Gauze พับ 3x4 ห่อ 3"x4"', 'ห่อ', 46.00, '10000205', '94923931-6821-4aa1-a2c7-ca18fcec75f7'::uuid, '2026-06-21 13:03:39.785331+00'::timestamptz, '2026-06-21 13:03:39.785331+00'::timestamptz, NULL),
  ('7a335195-2704-4a47-8cf5-cdd884bf77c8'::uuid, '10000206', 'Gauze พับ 4x4 ห่อ 4"x4"', 'ห่อ', 62.00, '10000206', '94923931-6821-4aa1-a2c7-ca18fcec75f7'::uuid, '2026-06-21 13:03:39.785331+00'::timestamptz, '2026-06-21 13:03:39.785331+00'::timestamptz, NULL),
  ('222c6da5-a14d-4dc7-b2f6-8acdffd83a98'::uuid, '10000207', 'Gauze 36/100 Y ม้วน', 'ม้วน', 900.00, '10000207', '94923931-6821-4aa1-a2c7-ca18fcec75f7'::uuid, '2026-06-21 13:03:39.785331+00'::timestamptz, '2026-06-21 13:03:39.785331+00'::timestamptz, NULL),
  ('bc81ff2e-24aa-4f97-b9e0-1e35f809f719'::uuid, '10000213', 'Hypafix ม้วน', 'ม้วน', 288.90, '10000213', '94923931-6821-4aa1-a2c7-ca18fcec75f7'::uuid, '2026-06-21 13:03:39.785331+00'::timestamptz, '2026-06-21 13:03:39.785331+00'::timestamptz, NULL),
  ('a34f354a-5c68-441e-b647-7caa67ba09fc'::uuid, '10000222', 'Isolation gown Dispose. ชุด no.M', 'ชุด', 230.00, '10000222', '94923931-6821-4aa1-a2c7-ca18fcec75f7'::uuid, '2026-06-21 13:03:39.785331+00'::timestamptz, '2026-06-21 13:03:39.785331+00'::timestamptz, NULL),
  ('2446abcd-f2e4-418e-bec4-ca68c67640d4'::uuid, '10000223', 'Isolation gown Dispose. ชุด no.L', 'ชุด', 280.00, '10000223', '94923931-6821-4aa1-a2c7-ca18fcec75f7'::uuid, '2026-06-21 13:03:39.785331+00'::timestamptz, '2026-06-21 13:03:39.785331+00'::timestamptz, NULL),
  ('ade1286e-94a2-4c6f-8882-d4bd43cea3f8'::uuid, '10000224', 'Isolation gown Dispose. ชุด no.XL', 'ชุด', 280.00, '10000224', '94923931-6821-4aa1-a2c7-ca18fcec75f7'::uuid, '2026-06-21 13:03:39.785331+00'::timestamptz, '2026-06-21 13:03:39.785331+00'::timestamptz, NULL),
  ('4ea7f839-97ee-4923-9a65-dba109dd4186'::uuid, '10000228', 'IV Catheter no 16x2" pcs 16Gx2"', 'ชิ้น', 9.31, '10000228', '94923931-6821-4aa1-a2c7-ca18fcec75f7'::uuid, '2026-06-21 13:03:39.785331+00'::timestamptz, '2026-06-21 13:03:39.785331+00'::timestamptz, NULL),
  ('5dd9d763-8183-4f98-b610-cd97bc9a1046'::uuid, '10000229', 'IV Cath Safety n.18x1" set Safety', 'ชิ้น', 9.31, '10000229', '94923931-6821-4aa1-a2c7-ca18fcec75f7'::uuid, '2026-06-21 13:03:39.785331+00'::timestamptz, '2026-06-21 13:03:39.785331+00'::timestamptz, NULL),
  ('2c0e1f31-598f-4564-9d6f-7ef35cc808f9'::uuid, '10000230', 'IV Cath Safety n.20x1" set Safety', 'ชิ้น', 9.31, '10000230', '94923931-6821-4aa1-a2c7-ca18fcec75f7'::uuid, '2026-06-21 13:03:39.785331+00'::timestamptz, '2026-06-21 13:03:39.785331+00'::timestamptz, NULL),
  ('6cd60a23-2932-4f33-a4fc-065e8f108fac'::uuid, '10000231', 'IV Cath Safety n.22x1" set Safety', 'ชิ้น', 9.31, '10000231', '94923931-6821-4aa1-a2c7-ca18fcec75f7'::uuid, '2026-06-21 13:03:39.785331+00'::timestamptz, '2026-06-21 13:03:39.785331+00'::timestamptz, NULL),
  ('1f0fa9af-45ad-47de-a199-0eb2a8f96172'::uuid, '10000232', 'IV Cath Safety n.24x3/4" set Safety', 'ชิ้น', 9.31, '10000232', '94923931-6821-4aa1-a2c7-ca18fcec75f7'::uuid, '2026-06-21 13:03:39.785331+00'::timestamptz, '2026-06-21 13:03:39.785331+00'::timestamptz, NULL),
  ('06fa2cc5-313e-4e64-a7d6-7b80fe9dbf13'::uuid, '10000234', 'IV Set', 'ชุด', 8.56, '10000234', '94923931-6821-4aa1-a2c7-ca18fcec75f7'::uuid, '2026-06-21 13:03:39.785331+00'::timestamptz, '2026-06-21 13:03:39.785331+00'::timestamptz, NULL),
  ('be49b81b-e283-41ca-adb0-a208233951a8'::uuid, '10000237', 'Ioban 35x35', 'ชิ้น', 269.64, '10000237', '94923931-6821-4aa1-a2c7-ca18fcec75f7'::uuid, '2026-06-21 13:03:39.785331+00'::timestamptz, '2026-06-21 13:03:39.785331+00'::timestamptz, NULL)
ON CONFLICT (id) DO NOTHING;

INSERT INTO public.items (id, code, name, unit, price, barcode, subgroup_id, created_at, updated_at, deleted_at) VALUES
  ('4e8d75fd-1e5b-4999-a5a0-d4c3e7c2d547'::uuid, '10000238', 'Ioban 60x45', 'ชิ้น', 363.80, '10000238', '94923931-6821-4aa1-a2c7-ca18fcec75f7'::uuid, '2026-06-21 13:03:39.785331+00'::timestamptz, '2026-06-21 13:03:39.785331+00'::timestamptz, NULL),
  ('f811c1d5-d49f-4153-bf18-0e0407735b64'::uuid, '10000254', 'Extremity drape', 'ชิ้น', 609.90, '10000254', '94923931-6821-4aa1-a2c7-ca18fcec75f7'::uuid, '2026-06-21 13:03:39.785331+00'::timestamptz, '2026-06-21 13:03:39.785331+00'::timestamptz, NULL),
  ('973a7f1d-c610-490e-a8e9-c5bd52a1efb9'::uuid, '10000264', 'Latex tube no.200 ม้วน', 'ม้วน', 450.00, '10000264', '94923931-6821-4aa1-a2c7-ca18fcec75f7'::uuid, '2026-06-21 13:03:39.785331+00'::timestamptz, '2026-06-21 13:03:39.785331+00'::timestamptz, NULL),
  ('32c8a643-6de3-4b96-ae80-eaea1f854aec'::uuid, '10000287', 'Mask disposable', 'กล่อง', 43.00, '10000287', '94923931-6821-4aa1-a2c7-ca18fcec75f7'::uuid, '2026-06-21 13:03:39.785331+00'::timestamptz, '2026-06-21 13:03:39.785331+00'::timestamptz, NULL),
  ('5b7dd3f9-2935-47a6-8335-a7c370e69017'::uuid, '10000289', 'Mask แบบผูก box', 'กล่อง', 120.00, '10000289', '94923931-6821-4aa1-a2c7-ca18fcec75f7'::uuid, '2026-06-21 13:03:39.785331+00'::timestamptz, '2026-06-21 13:03:39.785331+00'::timestamptz, NULL),
  ('32a38e66-3747-4028-9771-b9b41cc5401d'::uuid, '10000292', 'Mask n 95 อัน', 'อัน', 35.00, '10000292', '94923931-6821-4aa1-a2c7-ca18fcec75f7'::uuid, '2026-06-21 13:03:39.785331+00'::timestamptz, '2026-06-21 13:03:39.785331+00'::timestamptz, NULL),
  ('1a669c8d-1233-45d1-ba33-cda79d1643f8'::uuid, '10000293', 'Micropore 0.5" ม้วน', 'ม้วน', 13.69, '10000293', '94923931-6821-4aa1-a2c7-ca18fcec75f7'::uuid, '2026-06-21 13:03:39.785331+00'::timestamptz, '2026-06-21 13:03:39.785331+00'::timestamptz, NULL),
  ('03be93cf-49a4-46c0-a094-aa7004a4c8ca'::uuid, '10000294', 'Micropore 1" ม้วน', 'ม้วน', 32.16, '10000294', '94923931-6821-4aa1-a2c7-ca18fcec75f7'::uuid, '2026-06-21 13:03:39.785331+00'::timestamptz, '2026-06-21 13:03:39.785331+00'::timestamptz, NULL),
  ('5aeb0b44-ab33-4f2a-80bf-b9145cb36eb0'::uuid, '10000295', 'Mono cryl ติดเข็ม 4/0 เข็ม Cutting', 'ชิ้น', 202.12, '10000295', '94923931-6821-4aa1-a2c7-ca18fcec75f7'::uuid, '2026-06-21 13:03:39.785331+00'::timestamptz, '2026-06-21 13:03:39.785331+00'::timestamptz, NULL),
  ('e78a51d8-fca1-47d2-a62a-8b785e7a6a12'::uuid, '10000312', 'Needle Disp. no.18x1.5" กล่อง 18x1.5"', 'กล่อง', 43.87, '10000312', '94923931-6821-4aa1-a2c7-ca18fcec75f7'::uuid, '2026-06-21 13:03:39.785331+00'::timestamptz, '2026-06-21 13:03:39.785331+00'::timestamptz, NULL),
  ('0253e313-2c17-4b44-ace2-fc316ab54582'::uuid, '10000313', 'Needle Disp.no.20x1.5" กล่อง 20x1.5"', 'กล่อง', 44.94, '10000313', '94923931-6821-4aa1-a2c7-ca18fcec75f7'::uuid, '2026-06-21 13:03:39.785331+00'::timestamptz, '2026-06-21 13:03:39.785331+00'::timestamptz, NULL),
  ('9d681f3e-0061-451d-b9c9-6106b56a2995'::uuid, '10000314', 'Needle Disp. no.20x1" กล่อง 20x1"', 'กล่อง', 44.94, '10000314', '94923931-6821-4aa1-a2c7-ca18fcec75f7'::uuid, '2026-06-21 13:03:39.785331+00'::timestamptz, '2026-06-21 13:03:39.785331+00'::timestamptz, NULL),
  ('e041a069-82c2-4ecc-b575-400314616805'::uuid, '10000319', 'Needle Disp. no.24x1" กล่อง 24x1"', 'กล่อง', 43.87, '10000319', '94923931-6821-4aa1-a2c7-ca18fcec75f7'::uuid, '2026-06-21 13:03:39.785331+00'::timestamptz, '2026-06-21 13:03:39.785331+00'::timestamptz, NULL),
  ('51a457bb-496f-41b4-8247-8b6b1a5bdf04'::uuid, '10000320', 'Needle Disp. no.24x1.5" กล่อง 24x1.5"', 'กล่อง', 44.94, '10000320', '94923931-6821-4aa1-a2c7-ca18fcec75f7'::uuid, '2026-06-21 13:03:39.785331+00'::timestamptz, '2026-06-21 13:03:39.785331+00'::timestamptz, NULL),
  ('6d25a797-40f4-47d3-a841-fc1d952cfa47'::uuid, '10000323', 'Needle Disp. no.27x0.5" กล่อง 27x0.5"', 'กล่อง', 43.87, '10000323', '94923931-6821-4aa1-a2c7-ca18fcec75f7'::uuid, '2026-06-21 13:03:39.785331+00'::timestamptz, '2026-06-21 13:03:39.785331+00'::timestamptz, NULL),
  ('39246d87-73c5-4bbe-9fd1-f8dc60d6fd40'::uuid, '10000325', 'Needle Disp.no.30x1.5'' pcs 30x1.5''', 'กล่อง', 139.10, '10000325', '94923931-6821-4aa1-a2c7-ca18fcec75f7'::uuid, '2026-06-21 13:03:39.785331+00'::timestamptz, '2026-06-21 13:03:39.785331+00'::timestamptz, NULL),
  ('903911c9-f623-4b76-9815-96b6eb1dbb3f'::uuid, '10000327', 'NG TUBE no.6 set', 'ชิ้น', 8.99, '10000327', '94923931-6821-4aa1-a2c7-ca18fcec75f7'::uuid, '2026-06-21 13:03:39.785331+00'::timestamptz, '2026-06-21 13:03:39.785331+00'::timestamptz, NULL),
  ('cb9cc9f9-6484-4c1b-9ad4-aa7803e9926a'::uuid, '10000328', 'NG Tube no.8 Set', 'ชิ้น', 8.99, '10000328', '94923931-6821-4aa1-a2c7-ca18fcec75f7'::uuid, '2026-06-21 13:03:39.785331+00'::timestamptz, '2026-06-21 13:03:39.785331+00'::timestamptz, NULL),
  ('3552884e-51ee-4d06-aa34-3b1764da764a'::uuid, '10000331', 'NG Tube no.14 Set', 'ชิ้น', 8.99, '10000331', '94923931-6821-4aa1-a2c7-ca18fcec75f7'::uuid, '2026-06-21 13:03:39.785331+00'::timestamptz, '2026-06-21 13:03:39.785331+00'::timestamptz, NULL),
  ('7a90e91f-a3da-4b61-9822-e04b5b93e001'::uuid, '10000332', 'NG Tube no.16 Set', 'ชิ้น', 8.99, '10000332', '94923931-6821-4aa1-a2c7-ca18fcec75f7'::uuid, '2026-06-21 13:03:39.785331+00'::timestamptz, '2026-06-21 13:03:39.785331+00'::timestamptz, NULL),
  ('bfaa632c-9fc2-4705-92c5-9c506f0f39a5'::uuid, '10000349', 'Oxygen Cannular set ผู้ใหญ่', 'ชุด', 19.00, '10000349', '94923931-6821-4aa1-a2c7-ca18fcec75f7'::uuid, '2026-06-21 13:03:39.785331+00'::timestamptz, '2026-06-21 13:03:39.785331+00'::timestamptz, NULL),
  ('54a5535b-9f98-43ad-9ca6-9aa2520a874b'::uuid, '10000356', 'Penrose Drain 0.75', 'ชิ้น', 19.00, '10000356', '94923931-6821-4aa1-a2c7-ca18fcec75f7'::uuid, '2026-06-21 13:03:39.785331+00'::timestamptz, '2026-06-21 13:03:39.785331+00'::timestamptz, NULL),
  ('6d32f247-f5ba-4c46-97e4-4ac621d604ec'::uuid, '10000361', 'Plate เครื่องจี้ไฟฟ้า pcs ชิ้น', 'ชิ้น', 289.00, '10000361', '94923931-6821-4aa1-a2c7-ca18fcec75f7'::uuid, '2026-06-21 13:03:39.785331+00'::timestamptz, '2026-06-21 13:03:39.785331+00'::timestamptz, NULL),
  ('d203eada-ddee-4bb2-9fa9-a92961780769'::uuid, '10000362', 'Pro splint 3" 10 ชั้น 8 หลา ม้วน', 'ม้วน', 1800.00, '10000362', '94923931-6821-4aa1-a2c7-ca18fcec75f7'::uuid, '2026-06-21 13:03:39.785331+00'::timestamptz, '2026-06-21 13:03:39.785331+00'::timestamptz, NULL),
  ('1c42c4d3-8877-4c4d-9e87-a7e1beac2c89'::uuid, '10000363', 'Pro splint 4" 15 ชั้น 8หลา ม้วน', 'ม้วน', 2800.00, '10000363', '94923931-6821-4aa1-a2c7-ca18fcec75f7'::uuid, '2026-06-21 13:03:39.785331+00'::timestamptz, '2026-06-21 13:03:39.785331+00'::timestamptz, NULL),
  ('5ad52a1f-5b6f-4cb0-8082-67e99b7680e2'::uuid, '10000364', 'Pro splint 6" 15 ชั้น 8 หลา ม้วน', 'ม้วน', 3500.00, '10000364', '94923931-6821-4aa1-a2c7-ca18fcec75f7'::uuid, '2026-06-21 13:03:39.785331+00'::timestamptz, '2026-06-21 13:03:39.785331+00'::timestamptz, NULL),
  ('91851636-d08b-4339-a8f9-28c46961cab4'::uuid, '10000365', 'Prewash Sponge pcs 12"x12"x12Ply', 'ชิ้น', 100.00, '10000365', '94923931-6821-4aa1-a2c7-ca18fcec75f7'::uuid, '2026-06-21 13:03:39.785331+00'::timestamptz, '2026-06-21 13:03:39.785331+00'::timestamptz, NULL),
  ('8473412d-20e3-4249-bf27-bccca9521250'::uuid, '10000368', 'Prewash Sponge pcs 18x18x12 Ply', 'ชิ้น', 322.14, '10000368', '94923931-6821-4aa1-a2c7-ca18fcec75f7'::uuid, '2026-06-21 13:03:39.785331+00'::timestamptz, '2026-06-21 13:03:39.785331+00'::timestamptz, NULL),
  ('13ae99d7-2d28-422f-863a-65f7d9f41569'::uuid, '10000369', 'Prewash Sponge pcs 18x18x8 Ply', 'ชิ้น', 150.00, '10000369', '94923931-6821-4aa1-a2c7-ca18fcec75f7'::uuid, '2026-06-21 13:03:39.785331+00'::timestamptz, '2026-06-21 13:03:39.785331+00'::timestamptz, NULL),
  ('f3acd7da-9f3a-45d8-a10a-5a33194531d3'::uuid, '10000371', 'Prewash Sponge pcs 6"x18"x8Ply', 'ชิ้น', 90.00, '10000371', '94923931-6821-4aa1-a2c7-ca18fcec75f7'::uuid, '2026-06-21 13:03:39.785331+00'::timestamptz, '2026-06-21 13:03:39.785331+00'::timestamptz, NULL),
  ('0dae0707-3ae3-450b-9414-df7f2bc96ff9'::uuid, '10000373', 'Prolen no.4/0 ติดเข็ม โหล', 'ชิ้น', 45.83, '10000373', '94923931-6821-4aa1-a2c7-ca18fcec75f7'::uuid, '2026-06-21 13:03:39.785331+00'::timestamptz, '2026-06-21 13:03:39.785331+00'::timestamptz, NULL),
  ('0767170f-0ae7-4ac3-9ace-f5e16a974c35'::uuid, '10000374', 'Prolen no.6/0 ติดเข็ม โหล cutting', 'ชิ้น', 45.83, '10000374', '94923931-6821-4aa1-a2c7-ca18fcec75f7'::uuid, '2026-06-21 13:03:39.785331+00'::timestamptz, '2026-06-21 13:03:39.785331+00'::timestamptz, NULL),
  ('aac50c90-f577-4deb-8d6e-80cd8ff718e9'::uuid, '10000375', 'Prolen no.7/0 ติดเข็ม โหล cutting', 'ชิ้น', 96.67, '10000375', '94923931-6821-4aa1-a2c7-ca18fcec75f7'::uuid, '2026-06-21 13:03:39.785331+00'::timestamptz, '2026-06-21 13:03:39.785331+00'::timestamptz, NULL),
  ('1128a92e-8b22-465a-addc-326330e8e6a4'::uuid, '10000377', 'Prolen no.10/0 ติดเข็ม โหล', 'ชิ้น', 356.67, '10000377', '94923931-6821-4aa1-a2c7-ca18fcec75f7'::uuid, '2026-06-21 13:03:39.785331+00'::timestamptz, '2026-06-21 13:03:39.785331+00'::timestamptz, NULL),
  ('0d06342a-630b-4f63-bc1e-fbd0fcc570dd'::uuid, '10000378', 'PDS loop ติดเข็ม box no.0 ติดเข็ม', 'ชิ้น', 328.14, '10000378', '94923931-6821-4aa1-a2c7-ca18fcec75f7'::uuid, '2026-06-21 13:03:39.785331+00'::timestamptz, '2026-06-21 13:03:39.785331+00'::timestamptz, NULL),
  ('137b5ae9-b8a8-41cd-9b95-38ab1ad882f8'::uuid, '10000379', 'PDS loop ติดเข็ม box no.1 ติดเข็ม', 'ชิ้น', 312.09, '10000379', '94923931-6821-4aa1-a2c7-ca18fcec75f7'::uuid, '2026-06-21 13:03:39.785331+00'::timestamptz, '2026-06-21 13:03:39.785331+00'::timestamptz, NULL),
  ('2444a1c3-22d5-4f10-a214-80a2b32f9af3'::uuid, '10000383', 'PDS Plus VIO box 24IN 1 S/A', 'กล่อง', 1515.84, '10000383', '94923931-6821-4aa1-a2c7-ca18fcec75f7'::uuid, '2026-06-21 13:03:39.785331+00'::timestamptz, '2026-06-21 13:03:39.785331+00'::timestamptz, NULL),
  ('e7d78f71-479b-48c4-91ca-a19bc80f7203'::uuid, '10000398', 'Professional blade', 'ชิ้น', 181.90, '10000398', '94923931-6821-4aa1-a2c7-ca18fcec75f7'::uuid, '2026-06-21 13:03:39.785331+00'::timestamptz, '2026-06-21 13:03:39.785331+00'::timestamptz, NULL),
  ('af12db91-66bf-4961-bac7-3e7e0c131d44'::uuid, '10000401', 'Premilene mash 30/30 cm', 'ชิ้น', 5350.00, '10000401', '94923931-6821-4aa1-a2c7-ca18fcec75f7'::uuid, '2026-06-21 13:03:39.785331+00'::timestamptz, '2026-06-21 13:03:39.785331+00'::timestamptz, NULL),
  ('a6730606-09cd-42b2-a068-c161cce16d98'::uuid, '10000402', 'Redivac tube no.8 tub', 'เส้น', 80.00, '10000402', '94923931-6821-4aa1-a2c7-ca18fcec75f7'::uuid, '2026-06-21 13:03:39.785331+00'::timestamptz, '2026-06-21 13:03:39.785331+00'::timestamptz, NULL),
  ('0a3fb73b-a821-4b80-aaf3-a9fbb7b89051'::uuid, '10000403', 'Redivac tube no.10 tub', 'เส้น', 39.00, '10000403', '94923931-6821-4aa1-a2c7-ca18fcec75f7'::uuid, '2026-06-21 13:03:39.785331+00'::timestamptz, '2026-06-21 13:03:39.785331+00'::timestamptz, NULL),
  ('e4be72b5-2a81-44bd-96b9-97378eb08d17'::uuid, '10000405', 'Roll gauze bandage 3" ผ้ายืด ม้วน', 'ม้วน', 9.59, '10000405', '94923931-6821-4aa1-a2c7-ca18fcec75f7'::uuid, '2026-06-21 13:03:39.785331+00'::timestamptz, '2026-06-21 13:03:39.785331+00'::timestamptz, NULL),
  ('2603e18c-617f-4dd5-9701-d92acd4cd202'::uuid, '10000406', 'Roll gauze bandage 4" ผ้ายืด ม้วน', 'ม้วน', 12.50, '10000406', '94923931-6821-4aa1-a2c7-ca18fcec75f7'::uuid, '2026-06-21 13:03:39.785331+00'::timestamptz, '2026-06-21 13:03:39.785331+00'::timestamptz, NULL),
  ('a95977c0-498d-432c-b6c6-686881019b06'::uuid, '10000407', 'Roll gauze bandage 6"ผ้ายืด ม้วน', 'ม้วน', 18.34, '10000407', '94923931-6821-4aa1-a2c7-ca18fcec75f7'::uuid, '2026-06-21 13:03:39.785331+00'::timestamptz, '2026-06-21 13:03:39.785331+00'::timestamptz, NULL),
  ('d9a2f22f-a6ff-43ad-b19b-e117cef79827'::uuid, '10000408', 'Roll Gauze 3" ม้วน', 'ม้วน', 6.06, '10000408', '94923931-6821-4aa1-a2c7-ca18fcec75f7'::uuid, '2026-06-21 13:03:39.785331+00'::timestamptz, '2026-06-21 13:03:39.785331+00'::timestamptz, NULL),
  ('96c56934-c618-4241-85c9-ca2d0f4a6f12'::uuid, '10000409', 'Roll Gauze 4" ม้วน', 'ม้วน', 9.58, '10000409', '94923931-6821-4aa1-a2c7-ca18fcec75f7'::uuid, '2026-06-21 13:03:39.785331+00'::timestamptz, '2026-06-21 13:03:39.785331+00'::timestamptz, NULL),
  ('4ce113f6-f606-45f9-a038-f7349262d7bf'::uuid, '10000425', 'Steam CI Attest', 'กล่อง', 4451.20, '10000425', '94923931-6821-4aa1-a2c7-ca18fcec75f7'::uuid, '2026-06-21 13:03:39.785331+00'::timestamptz, '2026-06-21 13:03:39.785331+00'::timestamptz, NULL),
  ('b65465ac-d212-4bda-8eb3-7cad8c20cd90'::uuid, '10000428', 'Stockinette 4 นิ้ว', 'ม้วน', 740.00, '10000428', '94923931-6821-4aa1-a2c7-ca18fcec75f7'::uuid, '2026-06-21 13:03:39.785331+00'::timestamptz, '2026-06-21 13:03:39.785331+00'::timestamptz, NULL),
  ('14fad010-359c-4c54-8203-5ae1132f0f5e'::uuid, '10000429', 'Stockinette 6 นิ้ว', 'ม้วน', 950.00, '10000429', '94923931-6821-4aa1-a2c7-ca18fcec75f7'::uuid, '2026-06-21 13:03:39.785331+00'::timestamptz, '2026-06-21 13:03:39.785331+00'::timestamptz, NULL),
  ('823eb336-1464-4378-9db1-d1b179681c54'::uuid, '10000430', 'Suction bag pcs 3000 ml', 'ชิ้น', 60.00, '10000430', '94923931-6821-4aa1-a2c7-ca18fcec75f7'::uuid, '2026-06-21 13:03:39.785331+00'::timestamptz, '2026-06-21 13:03:39.785331+00'::timestamptz, NULL)
ON CONFLICT (id) DO NOTHING;

INSERT INTO public.items (id, code, name, unit, price, barcode, subgroup_id, created_at, updated_at, deleted_at) VALUES
  ('d99c9283-71c9-4a7a-b533-2a83d66f7205'::uuid, '10000437', 'Suction Tube n.18 set', 'ชิ้น', 3.13, '10000437', '94923931-6821-4aa1-a2c7-ca18fcec75f7'::uuid, '2026-06-21 13:03:39.785331+00'::timestamptz, '2026-06-21 13:03:39.785331+00'::timestamptz, NULL),
  ('562ed835-fee9-44cc-b669-160cb8265187'::uuid, '10000438', 'Surgical Blade No.10', 'ชุด', 7.00, '10000438', '94923931-6821-4aa1-a2c7-ca18fcec75f7'::uuid, '2026-06-20 16:33:18.660211+00'::timestamptz, '2026-06-21 05:01:27.687756+00'::timestamptz, NULL),
  ('116e23b1-5bdd-47f1-8d79-1dd76ecde3fb'::uuid, '10000439', 'Surgical Blade No.11', 'ชุด', 7.00, '10000439', '94923931-6821-4aa1-a2c7-ca18fcec75f7'::uuid, '2026-06-20 16:33:18.660211+00'::timestamptz, '2026-06-21 05:01:17.737676+00'::timestamptz, NULL),
  ('a8d684b6-2a41-4343-a391-7d6c26df4ba8'::uuid, '10000441', 'Surgical Blade No.15', 'ชุด', 7.00, '10000441', '94923931-6821-4aa1-a2c7-ca18fcec75f7'::uuid, '2026-06-20 16:33:18.660211+00'::timestamptz, '2026-06-21 05:01:39.927848+00'::timestamptz, NULL),
  ('67534a17-ff44-4342-993f-685d064fbd50'::uuid, '10000442', 'Surgical Blade No.20', 'ชุด', 7.00, '10000442', '94923931-6821-4aa1-a2c7-ca18fcec75f7'::uuid, '2026-06-20 16:33:18.660211+00'::timestamptz, '2026-06-21 05:01:33.258045+00'::timestamptz, NULL),
  ('0f6dea43-dfb6-4617-99ca-91ad3aebd4ef'::uuid, '10000443', 'Surgical Blade No.23', 'ชุด', 7.00, '10000443', '94923931-6821-4aa1-a2c7-ca18fcec75f7'::uuid, '2026-06-20 16:33:18.660211+00'::timestamptz, '2026-06-21 08:34:09.139691+00'::timestamptz, NULL),
  ('a4999d58-79dc-4118-9b7c-b55f58edc561'::uuid, '10000446', 'Syring Dis. 1 cc Insuline box Insuline', 'กล่อง', 224.70, '10000446', '94923931-6821-4aa1-a2c7-ca18fcec75f7'::uuid, '2026-06-21 13:03:39.785331+00'::timestamptz, '2026-06-21 13:03:39.785331+00'::timestamptz, NULL),
  ('2b4b2207-c201-43ab-9d9c-b822eb81c2b6'::uuid, '10000447', 'Syring Disposable 50 cc box 50 cc', 'กล่อง', 235.40, '10000447', '94923931-6821-4aa1-a2c7-ca18fcec75f7'::uuid, '2026-06-21 13:03:39.785331+00'::timestamptz, '2026-06-21 13:03:39.785331+00'::timestamptz, NULL),
  ('701523ae-f323-48f8-ba9f-13a5adfe0914'::uuid, '10000448', 'Syring 50 ml Irrigate กล่อง 50 ml', 'กล่อง', 235.40, '10000448', '94923931-6821-4aa1-a2c7-ca18fcec75f7'::uuid, '2026-06-21 13:03:39.785331+00'::timestamptz, '2026-06-21 13:03:39.785331+00'::timestamptz, NULL),
  ('2cce6b9c-1ef6-42fa-89bd-009c10edf547'::uuid, '10000449', 'Syring Disposable 1 cc(ไม่ติดเข็ม) กล่อง', 'กล่อง', 157.00, '10000449', '94923931-6821-4aa1-a2c7-ca18fcec75f7'::uuid, '2026-06-21 13:03:39.785331+00'::timestamptz, '2026-06-21 13:03:39.785331+00'::timestamptz, NULL),
  ('1efbfce1-5940-4040-b1ba-90dd17609dd7'::uuid, '10000450', 'Syring Disposable 10 cc กล่อง 10cc', 'กล่อง', 169.06, '10000450', '94923931-6821-4aa1-a2c7-ca18fcec75f7'::uuid, '2026-06-21 13:03:39.785331+00'::timestamptz, '2026-06-21 13:03:39.785331+00'::timestamptz, NULL),
  ('34e16a2b-2577-483c-9701-c49a303ae587'::uuid, '10000451', 'Syring Disposable 20 cc กล่อง 20cc', 'กล่อง', 340.00, '10000451', '94923931-6821-4aa1-a2c7-ca18fcec75f7'::uuid, '2026-06-21 13:03:39.785331+00'::timestamptz, '2026-06-21 13:03:39.785331+00'::timestamptz, NULL),
  ('5fed248e-9086-4ae6-8588-ae4f2216cf6c'::uuid, '10000452', 'Syring Disposable 3 cc กล่อง 3cc', 'กล่อง', 104.86, '10000452', '94923931-6821-4aa1-a2c7-ca18fcec75f7'::uuid, '2026-06-21 13:03:39.785331+00'::timestamptz, '2026-06-21 13:03:39.785331+00'::timestamptz, NULL),
  ('8d474102-b6ac-49b4-9192-b745c04d1fbf'::uuid, '10000453', 'Syring Disposable 5 cc กล่อง 5cc', 'กล่อง', 117.70, '10000453', '94923931-6821-4aa1-a2c7-ca18fcec75f7'::uuid, '2026-06-21 13:03:39.785331+00'::timestamptz, '2026-06-21 13:03:39.785331+00'::timestamptz, NULL),
  ('d1652cf8-9173-46f4-b87b-fa6d8a95f43c'::uuid, '10000456', 'Silk no. 0 (ไม่ติดเข็ม) โหล', 'ชิ้น', 38.34, '10000456', '94923931-6821-4aa1-a2c7-ca18fcec75f7'::uuid, '2026-06-21 13:03:39.785331+00'::timestamptz, '2026-06-21 13:03:39.785331+00'::timestamptz, NULL),
  ('45bdcbf4-e147-4796-bd71-b0e70f9f76fd'::uuid, '10000458', 'Silk no. 1 ( ไม่ติดเข็ม ) โหล', 'ชิ้น', 60.84, '10000458', '94923931-6821-4aa1-a2c7-ca18fcec75f7'::uuid, '2026-06-21 13:03:39.785331+00'::timestamptz, '2026-06-21 13:03:39.785331+00'::timestamptz, NULL),
  ('2ccea80f-628e-4e6d-b3b2-fca2605299bb'::uuid, '10000459', 'Silk no.1/0 (ติดเข็ม) โหล', 'ชิ้น', 38.34, '10000459', '94923931-6821-4aa1-a2c7-ca18fcec75f7'::uuid, '2026-06-21 13:03:39.785331+00'::timestamptz, '2026-06-21 13:03:39.785331+00'::timestamptz, NULL),
  ('9e1905ba-f001-4f1f-bfe7-ce1164542e89'::uuid, '10000460', 'Silk no. 2/0 (ไม่ติดเข็ม) โหล ไม่ติดเข็ม', 'ชิ้น', 38.34, '10000460', '94923931-6821-4aa1-a2c7-ca18fcec75f7'::uuid, '2026-06-21 13:03:39.785331+00'::timestamptz, '2026-06-21 13:03:39.785331+00'::timestamptz, NULL),
  ('349458f1-3f32-4a79-ac70-57bbdb4bd08f'::uuid, '10000461', 'Silk no. 2/0 (ติดเข็ม) set', 'ชิ้น', 38.34, '10000461', '94923931-6821-4aa1-a2c7-ca18fcec75f7'::uuid, '2026-06-21 13:03:39.785331+00'::timestamptz, '2026-06-21 13:03:39.785331+00'::timestamptz, NULL),
  ('c3f49082-fc31-4f3f-8ed8-9e0467fb3697'::uuid, '10000462', 'Silk no. 3/0 (ติดเข็ม) set', 'ชิ้น', 38.34, '10000462', '94923931-6821-4aa1-a2c7-ca18fcec75f7'::uuid, '2026-06-21 13:03:39.785331+00'::timestamptz, '2026-06-21 13:03:39.785331+00'::timestamptz, NULL),
  ('0fec6341-ee68-446a-a5ac-488dd130d6c8'::uuid, '10000463', 'Silk no.3/0 (ไม่ติดเข็ม) โหล', 'ชิ้น', 38.34, '10000463', '94923931-6821-4aa1-a2c7-ca18fcec75f7'::uuid, '2026-06-21 13:03:39.785331+00'::timestamptz, '2026-06-21 13:03:39.785331+00'::timestamptz, NULL),
  ('ee5dd9d1-82ad-4de3-8d53-6ce132feb042'::uuid, '10000465', 'SUTURE 10-0 NYLON C-3 12'' 12/BOX', 'โหล', 387.88, '10000465', '94923931-6821-4aa1-a2c7-ca18fcec75f7'::uuid, '2026-06-21 13:03:39.785331+00'::timestamptz, '2026-06-21 13:03:39.785331+00'::timestamptz, NULL),
  ('bdbcdbcd-c09f-4ab0-b3d3-602d633e2225'::uuid, '10000478', 'Surgicel 5x7.5 cm.', 'กล่อง', 7062.00, '10000478', '94923931-6821-4aa1-a2c7-ca18fcec75f7'::uuid, '2026-06-21 13:03:39.785331+00'::timestamptz, '2026-06-21 13:03:39.785331+00'::timestamptz, NULL),
  ('61694a20-8f11-4a4e-8da7-c18347f0935d'::uuid, '10000488', 'Skin Stapler', 'ชิ้น', 267.50, '10000488', '94923931-6821-4aa1-a2c7-ca18fcec75f7'::uuid, '2026-06-21 13:03:39.785331+00'::timestamptz, '2026-06-21 13:03:39.785331+00'::timestamptz, NULL),
  ('8b2d5a80-069e-434b-8bfc-4813804b83dd'::uuid, '10000508', 'Trocar catheter no.28 set', 'ชุด', 330.00, '10000508', '94923931-6821-4aa1-a2c7-ca18fcec75f7'::uuid, '2026-06-21 13:03:39.785331+00'::timestamptz, '2026-06-21 13:03:39.785331+00'::timestamptz, NULL),
  ('a43e8224-f588-4b73-85a2-27c0d48f038e'::uuid, '10000510', 'Trocar catheter no.32 set', 'ชุด', 330.00, '10000510', '94923931-6821-4aa1-a2c7-ca18fcec75f7'::uuid, '2026-06-21 13:03:39.785331+00'::timestamptz, '2026-06-21 13:03:39.785331+00'::timestamptz, NULL),
  ('9e769c3f-3f70-4945-b985-c13c926c6068'::uuid, '10000512', 'Tegaderm with pad size 5x7 cm set', 'ชิ้น', 26.11, '10000512', '94923931-6821-4aa1-a2c7-ca18fcec75f7'::uuid, '2026-06-21 13:03:39.785331+00'::timestamptz, '2026-06-21 13:03:39.785331+00'::timestamptz, NULL),
  ('04aeb17f-4148-4a91-a7de-b771c94d70cd'::uuid, '10000513', 'Tegaderm with pad size 6X10cm set 6X10cm', 'ชิ้น', 34.88, '10000513', '94923931-6821-4aa1-a2c7-ca18fcec75f7'::uuid, '2026-06-21 13:03:39.785331+00'::timestamptz, '2026-06-21 13:03:39.785331+00'::timestamptz, NULL),
  ('05f492ad-1603-4760-a684-13128f2634f7'::uuid, '10000514', 'Tegaderm film set 6x7 cm', 'ชิ้น', 9.85, '10000514', '94923931-6821-4aa1-a2c7-ca18fcec75f7'::uuid, '2026-06-21 13:03:39.785331+00'::timestamptz, '2026-06-21 13:03:39.785331+00'::timestamptz, NULL),
  ('d5f54b99-097a-47f4-b486-37e8240cccb5'::uuid, '10000515', 'Tegaderm with pad size9x20cm set', 'ชิ้น', 74.47, '10000515', '94923931-6821-4aa1-a2c7-ca18fcec75f7'::uuid, '2026-06-21 13:03:39.785331+00'::timestamptz, '2026-06-21 13:03:39.785331+00'::timestamptz, NULL),
  ('49a6de1f-7407-40b6-b09a-cb3b778c9167'::uuid, '10000516', 'Tegaderm with pad size9x25cm set', 'ชิ้น', 84.75, '10000516', '94923931-6821-4aa1-a2c7-ca18fcec75f7'::uuid, '2026-06-21 13:03:39.785331+00'::timestamptz, '2026-06-21 13:03:39.785331+00'::timestamptz, NULL),
  ('409d5508-3037-447b-bf58-bf9523be42ec'::uuid, '10000517', 'Triple lumen set', 'ชุด', 1300.00, '10000517', '94923931-6821-4aa1-a2c7-ca18fcec75f7'::uuid, '2026-06-21 13:03:39.785331+00'::timestamptz, '2026-06-21 13:03:39.785331+00'::timestamptz, NULL),
  ('b3a0d82f-a3ea-4400-8f79-62c9a3f05e9a'::uuid, '10000526', 'Three-Way Disposable set', 'ชุด', 7.00, '10000526', '94923931-6821-4aa1-a2c7-ca18fcec75f7'::uuid, '2026-06-21 13:03:39.785331+00'::timestamptz, '2026-06-21 13:03:39.785331+00'::timestamptz, NULL),
  ('6fac9e55-c991-402e-ae8d-8d5d79c62adf'::uuid, '10000539', 'Top dressing 5"x11" pac 10 pcs', 'ชิ้น', 11.00, '10000539', '94923931-6821-4aa1-a2c7-ca18fcec75f7'::uuid, '2026-06-21 13:03:39.785331+00'::timestamptz, '2026-06-21 13:03:39.785331+00'::timestamptz, NULL),
  ('ae7a414d-32e0-44b6-a2ef-3ff20a79d658'::uuid, '10000540', 'Top dressing 6"x12" pac 20 pcs', 'ชิ้น', 11.50, '10000540', '94923931-6821-4aa1-a2c7-ca18fcec75f7'::uuid, '2026-06-21 13:03:39.785331+00'::timestamptz, '2026-06-21 13:03:39.785331+00'::timestamptz, NULL),
  ('11655fca-8d3a-4c00-9ad5-fbeb390e7bd9'::uuid, '10000541', 'Transpore', 'กล่อง', 303.88, '10000541', '94923931-6821-4aa1-a2c7-ca18fcec75f7'::uuid, '2026-06-21 13:03:39.785331+00'::timestamptz, '2026-06-21 13:03:39.785331+00'::timestamptz, NULL),
  ('b420ee1d-e81c-4959-9891-afbdb4f1374b'::uuid, '10000543', 'Urine Bagผู้ใหญ่ set', 'ชุด', 18.50, '10000543', '94923931-6821-4aa1-a2c7-ca18fcec75f7'::uuid, '2026-06-21 13:03:39.785331+00'::timestamptz, '2026-06-21 13:03:39.785331+00'::timestamptz, NULL),
  ('343d4e89-9a3f-40c7-aad6-085c62f32361'::uuid, '10000556', 'Tip cleaner แผ่นสำหรับทำความสะอาด หัวจี้ผ่าตัด', 'ชิ้น', 40.00, '10000556', '94923931-6821-4aa1-a2c7-ca18fcec75f7'::uuid, '2026-06-21 13:03:39.785331+00'::timestamptz, '2026-06-21 13:03:39.785331+00'::timestamptz, NULL),
  ('1038575c-ea2d-49b1-a5d1-19debfc2f950'::uuid, '10000586', 'Webril 3" ม้วน', 'ม้วน', 49.17, '10000586', '94923931-6821-4aa1-a2c7-ca18fcec75f7'::uuid, '2026-06-21 13:03:39.785331+00'::timestamptz, '2026-06-21 13:03:39.785331+00'::timestamptz, NULL),
  ('eb19bdc2-033b-40b2-baf5-682fa4393237'::uuid, '10000587', 'Webril 4" ม้วน', 'ม้วน', 57.50, '10000587', '94923931-6821-4aa1-a2c7-ca18fcec75f7'::uuid, '2026-06-21 13:03:39.785331+00'::timestamptz, '2026-06-21 13:03:39.785331+00'::timestamptz, NULL),
  ('6da0a660-bc48-4f48-a101-837ab3b459f7'::uuid, '10000588', 'Webril 6" ม้วน', 'ม้วน', 74.17, '10000588', '94923931-6821-4aa1-a2c7-ca18fcec75f7'::uuid, '2026-06-21 13:03:39.785331+00'::timestamptz, '2026-06-21 13:03:39.785331+00'::timestamptz, NULL),
  ('f7e2e08d-308f-4d57-8ffe-0acfe0300440'::uuid, '10000589', 'Vicryl plus No.0 ติดเข็ม ติดเข็มราวน์', 'ชิ้น', 190.00, '10000589', '94923931-6821-4aa1-a2c7-ca18fcec75f7'::uuid, '2026-06-21 13:03:39.785331+00'::timestamptz, '2026-06-21 13:03:39.785331+00'::timestamptz, NULL),
  ('1c5e34de-a556-4085-a433-c4d1d29cf38f'::uuid, '10000590', 'Vicryl plus No.1 ติดเข็ม ติดเข็ม cutting', 'ชิ้น', 210.00, '10000590', '94923931-6821-4aa1-a2c7-ca18fcec75f7'::uuid, '2026-06-21 13:03:39.785331+00'::timestamptz, '2026-06-21 13:03:39.785331+00'::timestamptz, NULL),
  ('5d20fb02-7e14-44fa-b8a8-bccfc47a3954'::uuid, '10000591', 'Vicryl No.1ติดเข็ม เจ โหล ติดเข็ม(เจ)', 'ชิ้น', 190.00, '10000591', '94923931-6821-4aa1-a2c7-ca18fcec75f7'::uuid, '2026-06-21 13:03:39.785331+00'::timestamptz, '2026-06-21 13:03:39.785331+00'::timestamptz, NULL),
  ('597258a1-6fb1-4a68-b5f0-bf4709b44c61'::uuid, '10000592', 'Vicryl plus No.1 ติดเข็ม ติดเข็มราวน์', 'ชิ้น', 210.00, '10000592', '94923931-6821-4aa1-a2c7-ca18fcec75f7'::uuid, '2026-06-21 13:03:39.785331+00'::timestamptz, '2026-06-21 13:03:39.785331+00'::timestamptz, NULL),
  ('e880934b-9fa6-47db-9348-1997c9bf937c'::uuid, '10000593', 'Vicryl No.2/0ติดเข็ม ติดเข็มราวน์', 'ชิ้น', 190.00, '10000593', '94923931-6821-4aa1-a2c7-ca18fcec75f7'::uuid, '2026-06-21 13:03:39.785331+00'::timestamptz, '2026-06-21 13:03:39.785331+00'::timestamptz, NULL),
  ('c46f5e37-2690-4c67-8e19-23f121534fd7'::uuid, '10000594', 'Vicryl No.3/0 ติดเข็ม ติดเข็มราวน์', 'ชิ้น', 190.00, '10000594', '94923931-6821-4aa1-a2c7-ca18fcec75f7'::uuid, '2026-06-21 13:03:39.785331+00'::timestamptz, '2026-06-21 13:03:39.785331+00'::timestamptz, NULL),
  ('6d5fe2e1-1223-4505-9b09-a22382466ea7'::uuid, '10000595', 'Vicryl No.4/0 ติดเข็ม ติดเข็มราวน์', 'ชิ้น', 190.00, '10000595', '94923931-6821-4aa1-a2c7-ca18fcec75f7'::uuid, '2026-06-21 13:03:39.785331+00'::timestamptz, '2026-06-21 13:03:39.785331+00'::timestamptz, NULL),
  ('e9f36411-7f76-465f-b868-e11ea0899ec9'::uuid, '10000596', 'Vicryl No.5/0 ติดเข็ม ติดเข็มราวน์', 'ชิ้น', 190.00, '10000596', '94923931-6821-4aa1-a2c7-ca18fcec75f7'::uuid, '2026-06-21 13:03:39.785331+00'::timestamptz, '2026-06-21 13:03:39.785331+00'::timestamptz, NULL),
  ('d638117f-43a6-4cfc-a57f-2174eb9fef91'::uuid, '10000613', 'กล่องทิ้งเข็ม ใบ', 'ใบ', 28.89, '10000613', '94923931-6821-4aa1-a2c7-ca18fcec75f7'::uuid, '2026-06-21 13:03:39.785331+00'::timestamptz, '2026-06-21 13:03:39.785331+00'::timestamptz, NULL)
ON CONFLICT (id) DO NOTHING;

INSERT INTO public.items (id, code, name, unit, price, barcode, subgroup_id, created_at, updated_at, deleted_at) VALUES
  ('b15f0cd5-11f4-4cf5-b496-56077b338ca9'::uuid, '10000615', 'ขวดเชทเดนแจ๊คสันเดน 200 ซีซี set 200 ml', 'ชุด', 730.00, '10000615', '94923931-6821-4aa1-a2c7-ca18fcec75f7'::uuid, '2026-06-21 13:03:39.785331+00'::timestamptz, '2026-06-21 13:03:39.785331+00'::timestamptz, NULL),
  ('a39c64ef-588e-4d9d-996d-28466fbdce4e'::uuid, '10000616', 'ขวดเชทเดนแจ๊คสันเดน 400 ซีซี set 400 ml', 'ชุด', 730.00, '10000616', '94923931-6821-4aa1-a2c7-ca18fcec75f7'::uuid, '2026-06-21 13:03:39.785331+00'::timestamptz, '2026-06-21 13:03:39.785331+00'::timestamptz, NULL),
  ('98ce8a82-8ed8-4ff1-a1e6-b9bad8bb9586'::uuid, '10000619', 'ขวดเรดอนแว๊ค 200 ซีซี set no.10', 'ชุด', 360.00, '10000619', '94923931-6821-4aa1-a2c7-ca18fcec75f7'::uuid, '2026-06-21 13:03:39.785331+00'::timestamptz, '2026-06-21 13:03:39.785331+00'::timestamptz, NULL),
  ('46736001-2a6f-40b2-a3ca-13d569fd5d48'::uuid, '10000620', 'ขวดเรดอนแว๊ค 400 ซีซี set no.10', 'ขวด', 390.00, '10000620', '94923931-6821-4aa1-a2c7-ca18fcec75f7'::uuid, '2026-06-21 13:03:39.785331+00'::timestamptz, '2026-06-21 13:03:39.785331+00'::timestamptz, NULL),
  ('06d6c46c-9033-4697-a209-0f8eeea3b08a'::uuid, '10000621', 'ขวดเรดอนแว๊ค 600 ซีซี', 'ขวด', 420.00, '10000621', '94923931-6821-4aa1-a2c7-ca18fcec75f7'::uuid, '2026-06-21 13:03:39.785331+00'::timestamptz, '2026-06-21 13:03:39.785331+00'::timestamptz, NULL),
  ('1e6fb04d-fbeb-4c5d-aafd-0059ce90a55f'::uuid, '10000640', 'ผ้ายางกันเปื้อน Disposable', 'ห่อ', 400.00, '10000640', '94923931-6821-4aa1-a2c7-ca18fcec75f7'::uuid, '2026-06-21 13:03:39.785331+00'::timestamptz, '2026-06-21 13:03:39.785331+00'::timestamptz, NULL),
  ('b239ee5e-8400-42ae-b240-d63b2fbbc61f'::uuid, '10000650', 'แว่นตาป้องกันสารคัดหลั่ง อัน แบบพลาสติค', 'อัน', 25.77, '10000650', '94923931-6821-4aa1-a2c7-ca18fcec75f7'::uuid, '2026-06-21 13:03:39.785331+00'::timestamptz, '2026-06-21 13:03:39.785331+00'::timestamptz, NULL),
  ('b6998205-2e92-4079-b823-9a4782cafde2'::uuid, '10000651', 'สายแจ๊คสันเดรน แบบสายแบน เส้น 10 ม.ม.', 'เส้น', 450.00, '10000651', '94923931-6821-4aa1-a2c7-ca18fcec75f7'::uuid, '2026-06-21 13:03:39.785331+00'::timestamptz, '2026-06-21 13:03:39.785331+00'::timestamptz, NULL),
  ('fc2340a9-638b-493f-b120-30bac8662f79'::uuid, '10000652', 'สายยางซิลิโคน 7x11 mm. ม้วน', 'ม้วน', 1800.00, '10000652', '94923931-6821-4aa1-a2c7-ca18fcec75f7'::uuid, '2026-06-21 13:03:39.785331+00'::timestamptz, '2026-06-21 13:03:39.785331+00'::timestamptz, NULL),
  ('8441ef83-2725-4694-9bec-14df626c5c2b'::uuid, '10000656', 'หมวก Disposable อัน', 'ชิ้น', 1.00, '10000656', '94923931-6821-4aa1-a2c7-ca18fcec75f7'::uuid, '2026-06-21 13:03:39.785331+00'::timestamptz, '2026-06-21 13:03:39.785331+00'::timestamptz, NULL),
  ('f1cd00be-3167-453f-862a-5f028434906d'::uuid, '10000764', 'EPOC BGEM blood gas', 'Kit', 7500.00, '10000764', '94923931-6821-4aa1-a2c7-ca18fcec75f7'::uuid, '2026-06-21 13:03:39.785331+00'::timestamptz, '2026-06-21 13:03:39.785331+00'::timestamptz, NULL),
  ('819ca7ce-63ba-45f7-a3e3-6d7c6d5d0e20'::uuid, '10000932', 'PARAFILM 10 cm x 38 m', 'ม้วน', 1100.00, '10000932', '688e32ff-f178-4ce1-b0bb-507e279066af'::uuid, '2026-06-21 13:03:39.785331+00'::timestamptz, '2026-06-21 13:03:39.785331+00'::timestamptz, NULL),
  ('c0860aba-2c18-4d08-87e5-5226c6a985bd'::uuid, '10000936', 'SLIDE ฝ้า (72/Pcs)', 'กล่อง', 43.00, '10000936', '688e32ff-f178-4ce1-b0bb-507e279066af'::uuid, '2026-06-21 13:03:39.785331+00'::timestamptz, '2026-06-21 13:03:39.785331+00'::timestamptz, NULL),
  ('b31898c0-aa2c-4ecb-bb53-a51ba9076299'::uuid, '10000956', 'Doctor order', 'ใบ', 3.00, '10000956', '94923931-6821-4aa1-a2c7-ca18fcec75f7'::uuid, '2026-06-21 13:03:39.785331+00'::timestamptz, '2026-06-21 13:03:39.785331+00'::timestamptz, NULL),
  ('2c30bf85-cd44-49b1-a4bb-b3bd9971e5fc'::uuid, '10000963', 'MAX NO 10', 'อัน', 100.00, '10000963', '94923931-6821-4aa1-a2c7-ca18fcec75f7'::uuid, '2026-06-21 13:03:39.785331+00'::timestamptz, '2026-06-21 13:03:39.785331+00'::timestamptz, NULL),
  ('0d92998c-6299-43fb-ab5d-8f58f0858ab3'::uuid, '10000964', 'MAX NO 3', 'อัน', 580.00, '10000964', '94923931-6821-4aa1-a2c7-ca18fcec75f7'::uuid, '2026-06-21 13:03:39.785331+00'::timestamptz, '2026-06-21 13:03:39.785331+00'::timestamptz, NULL),
  ('5c85c3ff-e953-4cee-a5b5-d96f186b0e4a'::uuid, '10000968', 'กรรไกร', 'ด้าม', 45.00, '10000968', '67e7fd71-3d6b-46dd-9bf4-f9248f01b0b0'::uuid, '2026-06-21 13:03:39.785331+00'::timestamptz, '2026-06-21 13:03:39.785331+00'::timestamptz, NULL),
  ('352de9af-3602-426f-8981-ae5981654e7b'::uuid, '10000982', 'กระดาษกาว 1.5 นิ้ว', 'ม้วน', 30.00, '10000982', '67e7fd71-3d6b-46dd-9bf4-f9248f01b0b0'::uuid, '2026-06-21 13:03:39.785331+00'::timestamptz, '2026-06-21 13:03:39.785331+00'::timestamptz, NULL),
  ('112c4355-679e-4237-9d67-7b4bb19ed886'::uuid, '10000983', 'กระดาษกาว 1 นิ้ว', 'ม้วน', 25.00, '10000983', '67e7fd71-3d6b-46dd-9bf4-f9248f01b0b0'::uuid, '2026-06-21 13:03:39.785331+00'::timestamptz, '2026-06-21 13:03:39.785331+00'::timestamptz, NULL),
  ('eddc9135-cc7a-4f05-b30c-4e5dbb2f93c1'::uuid, '10000984', 'กระดาษกาว 2 หน้าบาง', 'ม้วน', 60.00, '10000984', '67e7fd71-3d6b-46dd-9bf4-f9248f01b0b0'::uuid, '2026-06-21 13:03:39.785331+00'::timestamptz, '2026-06-21 13:03:39.785331+00'::timestamptz, NULL),
  ('312b7ea1-1934-4a46-865c-8df34d17390d'::uuid, '10000987', 'กระดาษกาว2 หน้าหนา', 'ม้วน', 160.00, '10000987', '67e7fd71-3d6b-46dd-9bf4-f9248f01b0b0'::uuid, '2026-06-21 13:03:39.785331+00'::timestamptz, '2026-06-21 13:03:39.785331+00'::timestamptz, NULL),
  ('b8495859-c510-41e7-8b77-3c50929b65be'::uuid, '10000988', 'กระดาษกาวหนังไก่ 1.5 นิ้ว', 'ม้วน', 45.00, '10000988', '67e7fd71-3d6b-46dd-9bf4-f9248f01b0b0'::uuid, '2026-06-21 13:03:39.785331+00'::timestamptz, '2026-06-21 13:03:39.785331+00'::timestamptz, NULL),
  ('d9c34f63-20d2-4e04-aa6e-58640a87da5f'::uuid, '10001000', 'กระดาษถ่ายเอกสาร A4 (70 แกรม)', 'รีม', 110.00, '10001000', '67e7fd71-3d6b-46dd-9bf4-f9248f01b0b0'::uuid, '2026-06-21 13:03:39.785331+00'::timestamptz, '2026-06-21 13:03:39.785331+00'::timestamptz, NULL),
  ('619add4a-46f8-4703-aeff-354507da1fc9'::uuid, '10001001', 'กระดาษถ่ายเอกสาร A4 ตัดครึ่ง', 'รีม', 60.00, '10001001', '67e7fd71-3d6b-46dd-9bf4-f9248f01b0b0'::uuid, '2026-06-21 13:03:39.785331+00'::timestamptz, '2026-06-21 13:03:39.785331+00'::timestamptz, NULL),
  ('10048243-cbf5-4047-8163-ed94659af680'::uuid, '10001039', 'คลิปดำ 108', 'ตัว', 7.50, '10001039', '67e7fd71-3d6b-46dd-9bf4-f9248f01b0b0'::uuid, '2026-06-21 13:03:39.785331+00'::timestamptz, '2026-06-21 13:03:39.785331+00'::timestamptz, NULL),
  ('b267eb2e-5c1f-42c6-ac61-b55f12192112'::uuid, '10001040', 'คลิปดำ 109', 'ตัว', 6.67, '10001040', '67e7fd71-3d6b-46dd-9bf4-f9248f01b0b0'::uuid, '2026-06-21 13:03:39.785331+00'::timestamptz, '2026-06-21 13:03:39.785331+00'::timestamptz, NULL),
  ('3af54175-1ab2-434f-a0fe-e6054094dd21'::uuid, '10001041', 'คลิปดำ 110', 'ตัว', 4.17, '10001041', '67e7fd71-3d6b-46dd-9bf4-f9248f01b0b0'::uuid, '2026-06-21 13:03:39.785331+00'::timestamptz, '2026-06-21 13:03:39.785331+00'::timestamptz, NULL),
  ('2647180d-1619-4404-a025-11892685041f'::uuid, '10001042', 'คลิปดำ 111', 'ตัว', 2.92, '10001042', '67e7fd71-3d6b-46dd-9bf4-f9248f01b0b0'::uuid, '2026-06-21 13:03:39.785331+00'::timestamptz, '2026-06-21 13:03:39.785331+00'::timestamptz, NULL),
  ('db7c01bb-d487-4caa-86de-cac45fa799b7'::uuid, '10001095', 'เชือกฟางม้วนใหญ่', 'ม้วน', 70.00, '10001095', '67e7fd71-3d6b-46dd-9bf4-f9248f01b0b0'::uuid, '2026-06-21 13:03:39.785331+00'::timestamptz, '2026-06-21 13:03:39.785331+00'::timestamptz, NULL),
  ('c03ab2e2-af74-4f11-812c-914147984b09'::uuid, '10001097', 'ซองขาวครุฑ', 'ซอง', 1.50, '10001097', '67e7fd71-3d6b-46dd-9bf4-f9248f01b0b0'::uuid, '2026-06-21 13:03:39.785331+00'::timestamptz, '2026-06-21 13:03:39.785331+00'::timestamptz, NULL),
  ('b6dabb1d-ff23-4aa4-b5bb-bba2fd123d82'::uuid, '10001098', 'ซองน้ำตาล A4 ไม่ขยายข้าง', 'ซอง', 4.00, '10001098', '67e7fd71-3d6b-46dd-9bf4-f9248f01b0b0'::uuid, '2026-06-21 13:03:39.785331+00'::timestamptz, '2026-06-21 13:03:39.785331+00'::timestamptz, NULL),
  ('8648fabe-7e76-4470-ae97-ae7585c0d087'::uuid, '10001099', 'ซองน้ำตาล A4ขยายข้าง', 'ซอง', 7.00, '10001099', '67e7fd71-3d6b-46dd-9bf4-f9248f01b0b0'::uuid, '2026-06-21 13:03:39.785331+00'::timestamptz, '2026-06-21 13:03:39.785331+00'::timestamptz, NULL),
  ('e4d8a5f6-06ee-4434-902c-ef5f3e6e44a9'::uuid, '10001140', 'ถ่านไฟฉายก้อนเล็กอัลคาไลด์', 'ก้อน', 40.00, '10001140', '67e7fd71-3d6b-46dd-9bf4-f9248f01b0b0'::uuid, '2026-06-21 13:03:39.785331+00'::timestamptz, '2026-06-21 13:03:39.785331+00'::timestamptz, NULL),
  ('f4db870a-8a60-4e5a-8330-b0fed3a3e8d0'::uuid, '10001143', 'ถุงดำ16*25', 'ห่อ', 90.00, '10001143', 'e4dafbb9-a96c-4e73-8b55-d34ca3d22ea3'::uuid, '2026-06-21 13:03:39.785331+00'::timestamptz, '2026-06-21 13:03:39.785331+00'::timestamptz, NULL),
  ('afa40998-195d-4d2b-9f11-8c4fa19fe476'::uuid, '10001144', 'ถุงดำ26*35', 'ห่อ', 90.00, '10001144', 'e4dafbb9-a96c-4e73-8b55-d34ca3d22ea3'::uuid, '2026-06-21 13:03:39.785331+00'::timestamptz, '2026-06-21 13:03:39.785331+00'::timestamptz, NULL),
  ('14e3cbf3-89bb-4702-9511-b3af7a02943a'::uuid, '10001145', 'ถุงดำ36*45', 'ห่อ', 90.00, '10001145', 'e4dafbb9-a96c-4e73-8b55-d34ca3d22ea3'::uuid, '2026-06-21 13:03:39.785331+00'::timestamptz, '2026-06-21 13:03:39.785331+00'::timestamptz, NULL),
  ('c4486655-fa5f-46b8-87af-5497c12b47ab'::uuid, '10001146', 'ถุงแดง 36*45', 'ห่อ', 105.00, '10001146', 'e4dafbb9-a96c-4e73-8b55-d34ca3d22ea3'::uuid, '2026-06-21 13:03:39.785331+00'::timestamptz, '2026-06-21 13:03:39.785331+00'::timestamptz, NULL),
  ('27c14379-5016-450e-834c-cc672d2bcec8'::uuid, '10001147', 'ถุงแดง16*25', 'ห่อ', 105.00, '10001147', 'e4dafbb9-a96c-4e73-8b55-d34ca3d22ea3'::uuid, '2026-06-21 13:03:39.785331+00'::timestamptz, '2026-06-21 13:03:39.785331+00'::timestamptz, NULL),
  ('6dd8e41c-334f-486e-bf7c-ceec33d9cb16'::uuid, '10001148', 'ถุงแดง26*35', 'ห่อ', 105.00, '10001148', 'e4dafbb9-a96c-4e73-8b55-d34ca3d22ea3'::uuid, '2026-06-21 13:03:39.785331+00'::timestamptz, '2026-06-21 13:03:39.785331+00'::timestamptz, NULL),
  ('e3d948dc-b8aa-4812-a5a9-49c7489a9eb3'::uuid, '10001152', 'ถุงพลาสติก 16x26 นิ้ว', 'ห่อ', 48.00, '10001152', 'e4dafbb9-a96c-4e73-8b55-d34ca3d22ea3'::uuid, '2026-06-21 13:03:39.785331+00'::timestamptz, '2026-06-21 13:03:39.785331+00'::timestamptz, NULL),
  ('bff45b74-3470-4660-888e-14bf38f558cb'::uuid, '10001155', 'ถุงพลาสติก 20x30 นิ้ว', 'ห่อ', 40.00, '10001155', 'e4dafbb9-a96c-4e73-8b55-d34ca3d22ea3'::uuid, '2026-06-21 13:03:39.785331+00'::timestamptz, '2026-06-21 13:03:39.785331+00'::timestamptz, NULL),
  ('57148b69-b88e-4167-81d6-9327d7a1a6cd'::uuid, '10001158', 'ถุงพลาสติก 6x9 นิ้ว', 'ห่อ', 48.00, '10001158', 'e4dafbb9-a96c-4e73-8b55-d34ca3d22ea3'::uuid, '2026-06-21 13:03:39.785331+00'::timestamptz, '2026-06-21 13:03:39.785331+00'::timestamptz, NULL),
  ('185b01c5-274f-4e3c-bce5-d03269ec8dd4'::uuid, '10001160', 'ถุงมือสีส้ม no.L', 'คู่', 26.00, '10001160', 'e4dafbb9-a96c-4e73-8b55-d34ca3d22ea3'::uuid, '2026-06-21 13:03:39.785331+00'::timestamptz, '2026-06-21 13:03:39.785331+00'::timestamptz, NULL),
  ('0e908b3e-09f7-46de-9ae3-bec615f74351'::uuid, '10001162', 'ถุงหิ้วขาวหนา', 'ห่อ', 60.00, '10001162', 'e4dafbb9-a96c-4e73-8b55-d34ca3d22ea3'::uuid, '2026-06-21 13:03:39.785331+00'::timestamptz, '2026-06-21 13:03:39.785331+00'::timestamptz, NULL),
  ('31e53412-f0f8-44f7-a504-bf11c5948c25'::uuid, '10001166', 'ที่ตักขยะ', 'อัน', 35.00, '10001166', 'e4dafbb9-a96c-4e73-8b55-d34ca3d22ea3'::uuid, '2026-06-21 13:03:39.785331+00'::timestamptz, '2026-06-21 13:03:39.785331+00'::timestamptz, NULL),
  ('e57b833b-320e-4f22-a525-7c5913452611'::uuid, '10001197', 'น้ำยาซักผ้าขาว', 'แกลลอน', 230.00, '10001197', 'e4dafbb9-a96c-4e73-8b55-d34ca3d22ea3'::uuid, '2026-06-21 13:03:39.785331+00'::timestamptz, '2026-06-21 13:03:39.785331+00'::timestamptz, NULL),
  ('a724b2b9-afab-49ac-b8a2-ef79b628fc61'::uuid, '10001199', 'น้ำยาถูพื้น', 'แกลลอน', 255.00, '10001199', 'e4dafbb9-a96c-4e73-8b55-d34ca3d22ea3'::uuid, '2026-06-21 13:03:39.785331+00'::timestamptz, '2026-06-21 13:03:39.785331+00'::timestamptz, NULL),
  ('ed6e4b08-1e91-435a-a268-60a8c74eff02'::uuid, '10001200', 'น้ำยาถูพื้นแบบถุงเติม', 'ถุง', 45.00, '10001200', 'e4dafbb9-a96c-4e73-8b55-d34ca3d22ea3'::uuid, '2026-06-21 13:03:39.785331+00'::timestamptz, '2026-06-21 13:03:39.785331+00'::timestamptz, NULL),
  ('ad320e41-10eb-47eb-923f-9f8bf670f523'::uuid, '10001209', 'น้ำยาล้างจานแบบถุงเติม', 'ถุง', 37.00, '10001209', 'e4dafbb9-a96c-4e73-8b55-d34ca3d22ea3'::uuid, '2026-06-21 13:03:39.785331+00'::timestamptz, '2026-06-21 13:03:39.785331+00'::timestamptz, NULL),
  ('bc6f35c5-ceb0-4276-bdc3-b485e90a1437'::uuid, '10001211', 'น้ำยาล้างห้องน้ำ', 'แกลลอน', 268.00, '10001211', 'e4dafbb9-a96c-4e73-8b55-d34ca3d22ea3'::uuid, '2026-06-21 13:03:39.785331+00'::timestamptz, '2026-06-21 13:03:39.785331+00'::timestamptz, NULL)
ON CONFLICT (id) DO NOTHING;

INSERT INTO public.items (id, code, name, unit, price, barcode, subgroup_id, created_at, updated_at, deleted_at) VALUES
  ('2a04d165-9b30-4aa0-81e3-f5bbe1196289'::uuid, '10001212', 'น้ำยาล้างห้องน้ำ', 'ขวด', 57.00, '10001212', 'e4dafbb9-a96c-4e73-8b55-d34ca3d22ea3'::uuid, '2026-06-21 13:03:39.785331+00'::timestamptz, '2026-06-21 13:03:39.785331+00'::timestamptz, NULL),
  ('f111a1fc-9d41-4bc4-9e41-7b400eac51da'::uuid, '10001264', 'แปรงขัดส้วมด้ามยาว', 'อัน', 110.00, '10001264', 'e4dafbb9-a96c-4e73-8b55-d34ca3d22ea3'::uuid, '2026-06-21 13:03:39.785331+00'::timestamptz, '2026-06-21 13:03:39.785331+00'::timestamptz, NULL),
  ('9a1ca06d-dfe2-4632-a17f-da32be14b0ef'::uuid, '10001265', 'แปรงขัดส้วมไนล่อน', 'ด้าม', 30.00, '10001265', 'e4dafbb9-a96c-4e73-8b55-d34ca3d22ea3'::uuid, '2026-06-21 13:03:39.785331+00'::timestamptz, '2026-06-21 13:03:39.785331+00'::timestamptz, NULL),
  ('67a8ce81-7438-4b7f-8ef5-4d9c7460ab7f'::uuid, '10001267', 'ผงซักผ้า 1000 กรัม', 'ถุง', 60.00, '10001267', 'e4dafbb9-a96c-4e73-8b55-d34ca3d22ea3'::uuid, '2026-06-21 13:03:39.785331+00'::timestamptz, '2026-06-21 13:03:39.785331+00'::timestamptz, NULL),
  ('8e13fab1-8350-4556-8c21-d5950b8de532'::uuid, '10001275', 'ผ้าถูพื้น', 'ผืน', 65.00, '10001275', 'e4dafbb9-a96c-4e73-8b55-d34ca3d22ea3'::uuid, '2026-06-21 13:03:39.785331+00'::timestamptz, '2026-06-21 13:03:39.785331+00'::timestamptz, NULL),
  ('76b03838-5ab9-40b7-8c7a-66fedf9e204b'::uuid, '10001320', 'ไม้กวาดพื้นด้ามสั้น', 'อัน', 70.00, '10001320', 'e4dafbb9-a96c-4e73-8b55-d34ca3d22ea3'::uuid, '2026-06-21 13:03:39.785331+00'::timestamptz, '2026-06-21 13:03:39.785331+00'::timestamptz, NULL),
  ('4671afca-fe4d-4a1f-a147-441e7d2a311b'::uuid, '10001321', 'ไม้กวาดหยักไย่', 'อัน', 45.00, '10001321', 'e4dafbb9-a96c-4e73-8b55-d34ca3d22ea3'::uuid, '2026-06-21 13:03:39.785331+00'::timestamptz, '2026-06-21 13:03:39.785331+00'::timestamptz, NULL),
  ('fba55c78-5ca6-4a90-8c7a-74f75e7896d5'::uuid, '10001326', 'ไม้ถูพื้น', 'อัน', 149.00, '10001326', 'e4dafbb9-a96c-4e73-8b55-d34ca3d22ea3'::uuid, '2026-06-21 13:03:39.785331+00'::timestamptz, '2026-06-21 13:03:39.785331+00'::timestamptz, NULL),
  ('2792ce12-29c9-4275-aa19-1a862dda2a63'::uuid, '10001352', 'สก๊อตไบร้ท์แบบมีฟองน้ำ', 'อัน', 18.00, '10001352', 'e4dafbb9-a96c-4e73-8b55-d34ca3d22ea3'::uuid, '2026-06-21 13:03:39.785331+00'::timestamptz, '2026-06-21 13:03:39.785331+00'::timestamptz, NULL),
  ('a3799cce-e1c2-40e3-a4a7-a6c0c460b5db'::uuid, '10001353', 'สก๊อตไบร้ท์แบบไม่มีฟองน้ำ', 'แผ่น', 19.00, '10001353', 'e4dafbb9-a96c-4e73-8b55-d34ca3d22ea3'::uuid, '2026-06-21 13:03:39.785331+00'::timestamptz, '2026-06-21 13:03:39.785331+00'::timestamptz, NULL),
  ('ecfb9359-908f-402f-a101-cf217fca64e3'::uuid, '10001368', 'สบู่เหลว', 'แกลลอน', 250.00, '10001368', 'e4dafbb9-a96c-4e73-8b55-d34ca3d22ea3'::uuid, '2026-06-21 13:03:39.785331+00'::timestamptz, '2026-06-21 13:03:39.785331+00'::timestamptz, NULL),
  ('fae1a4a2-0061-4ad8-b5f3-ee25b6792c0d'::uuid, '10001407', 'หนังยางวงเล็ก', 'ห่อ', 68.00, '10001407', 'e4dafbb9-a96c-4e73-8b55-d34ca3d22ea3'::uuid, '2026-06-21 13:03:39.785331+00'::timestamptz, '2026-06-21 13:03:39.785331+00'::timestamptz, NULL),
  ('57f9cf8e-cbd2-4f50-99b9-2dbbef3a0a60'::uuid, '10001489', 'Amies Swab PS+Viscose', 'ชิ้น', 10.00, '10001489', '688e32ff-f178-4ce1-b0bb-507e279066af'::uuid, '2026-06-21 13:03:39.785331+00'::timestamptz, '2026-06-21 13:03:39.785331+00'::timestamptz, NULL),
  ('4703f94c-c829-4346-8743-3f0ba0a40dcf'::uuid, '10001508', 'Container sterile', 'ชิ้น', 3.50, '10001508', '688e32ff-f178-4ce1-b0bb-507e279066af'::uuid, '2026-06-21 13:03:39.785331+00'::timestamptz, '2026-06-21 13:03:39.785331+00'::timestamptz, NULL),
  ('22fc31e4-37f3-430f-8597-777f1fe6e513'::uuid, '10001823', 'Chromic cat gut n.0 (ไม่ติดเข็ม)', 'ชิ้น', 62.42, '10001823', '94923931-6821-4aa1-a2c7-ca18fcec75f7'::uuid, '2026-06-21 13:03:39.785331+00'::timestamptz, '2026-06-21 13:03:39.785331+00'::timestamptz, NULL),
  ('1a342e8a-d1fc-4258-90b5-0804761f85a0'::uuid, '10001831', 'ขวดเชสเดรน พร้อมจุกชนิด 2 รู + ท่อแก้ว', 'ขวด', 600.00, '10001831', '94923931-6821-4aa1-a2c7-ca18fcec75f7'::uuid, '2026-06-21 13:03:39.785331+00'::timestamptz, '2026-06-21 13:03:39.785331+00'::timestamptz, NULL),
  ('69beeb6c-c7d6-452e-8b3c-30a558570756'::uuid, '10002128', 'Eye drape (10 ชิ้น/กล่อง) Opsite pad)', 'กล่อง', 900.00, '10002128', '94923931-6821-4aa1-a2c7-ca18fcec75f7'::uuid, '2026-06-21 13:03:39.785331+00'::timestamptz, '2026-06-21 13:03:39.785331+00'::timestamptz, NULL),
  ('56f4df28-a6f9-4e2f-9bd0-178b1af9a73d'::uuid, '10002679', 'Vicryl No.2/0 ติดเข็ม ติดเข็ม Cutting', 'ชิ้น', 190.00, '10002679', '94923931-6821-4aa1-a2c7-ca18fcec75f7'::uuid, '2026-06-21 13:03:39.785331+00'::timestamptz, '2026-06-21 13:03:39.785331+00'::timestamptz, NULL),
  ('3f043e5d-5e28-43ef-bdc5-551bd8cabe08'::uuid, '10002681', 'Prolen no.2/0 ติดเข็ม ราวน์', 'ชิ้น', 124.84, '10002681', '94923931-6821-4aa1-a2c7-ca18fcec75f7'::uuid, '2026-06-21 13:03:39.785331+00'::timestamptz, '2026-06-21 13:03:39.785331+00'::timestamptz, NULL),
  ('6a59ad85-24f2-4284-80b2-47ebc0e07acb'::uuid, '10002685', 'Vicryl No 3/0 ติดเข็ม โหล ติดเข็ม Cutting', 'ชิ้น', 190.00, '10002685', '94923931-6821-4aa1-a2c7-ca18fcec75f7'::uuid, '2026-06-21 13:03:39.785331+00'::timestamptz, '2026-06-21 13:03:39.785331+00'::timestamptz, NULL),
  ('35990073-ea4c-43d3-bdd0-fdd09849fae7'::uuid, '10002686', 'Vicryl No.4/0 ติดเข็ม ติดเข็ม cutting', 'ชิ้น', 190.00, '10002686', '94923931-6821-4aa1-a2c7-ca18fcec75f7'::uuid, '2026-06-21 13:03:39.785331+00'::timestamptz, '2026-06-21 13:03:39.785331+00'::timestamptz, NULL),
  ('8187d5ed-2328-44db-abed-9c1b446c1e28'::uuid, '10002688', 'Cuff BP ท่อเดี่ยวพร้อมข้อต่อพลาสติก 25-35 cm.', 'อัน', 750.00, '10002688', '94923931-6821-4aa1-a2c7-ca18fcec75f7'::uuid, '2026-06-21 13:03:39.785331+00'::timestamptz, '2026-06-21 13:03:39.785331+00'::timestamptz, NULL),
  ('0f9a05ee-c7ca-468a-ae7b-03ec8f404840'::uuid, '10002707', 'Drainage Bag 600 ml.', 'ชิ้น', 450.00, '10002707', '94923931-6821-4aa1-a2c7-ca18fcec75f7'::uuid, '2026-06-21 13:03:39.785331+00'::timestamptz, '2026-06-21 13:03:39.785331+00'::timestamptz, NULL),
  ('47c595f2-5a1e-48eb-a564-a5ee29185242'::uuid, '10002710', 'Top Dressing 4"x10"', 'ชิ้น', 13.00, '10002710', '94923931-6821-4aa1-a2c7-ca18fcec75f7'::uuid, '2026-06-21 13:03:39.785331+00'::timestamptz, '2026-06-21 13:03:39.785331+00'::timestamptz, NULL),
  ('b61225e2-c3eb-45e6-bb16-038d0bd0185a'::uuid, '10002724', 'Skin Marker', 'ชิ้น', 55.00, '10002724', '94923931-6821-4aa1-a2c7-ca18fcec75f7'::uuid, '2026-06-21 13:03:39.785331+00'::timestamptz, '2026-06-21 13:03:39.785331+00'::timestamptz, NULL),
  ('26ab215c-bb8b-4370-b6d9-f23f84a60c80'::uuid, '10002729', 'E-Z CLEAN NEEDLE MOD 2.75 IN', 'กล่อง', 4494.00, '10002729', '94923931-6821-4aa1-a2c7-ca18fcec75f7'::uuid, '2026-06-21 13:03:39.785331+00'::timestamptz, '2026-06-21 13:03:39.785331+00'::timestamptz, NULL),
  ('0029726f-b992-4451-9fcb-490b00f74428'::uuid, '10002739', 'DS-25 PRECISE DISPOSABLE SKIN', 'กล่อง', 0.00, '10002739', '94923931-6821-4aa1-a2c7-ca18fcec75f7'::uuid, '2026-06-21 13:03:39.785331+00'::timestamptz, '2026-06-21 13:03:39.785331+00'::timestamptz, NULL),
  ('1d6e7bea-873b-45ad-84cb-4ea66706c72c'::uuid, '10002747', 'แว่นตานิรภัย', 'อัน', 75.00, '10002747', '94923931-6821-4aa1-a2c7-ca18fcec75f7'::uuid, '2026-06-21 13:03:39.785331+00'::timestamptz, '2026-06-21 13:03:39.785331+00'::timestamptz, NULL),
  ('7cb5d8ef-d0f3-476e-980c-5a12b8414615'::uuid, '10002748', 'Steri-Strip', 'กล่อง', 1337.50, '10002748', '94923931-6821-4aa1-a2c7-ca18fcec75f7'::uuid, '2026-06-21 13:03:39.785331+00'::timestamptz, '2026-06-21 13:03:39.785331+00'::timestamptz, NULL),
  ('1f5c87b0-3c0b-43cc-a60c-e1e982cfd527'::uuid, '10002754', 'Mask disposable', 'กล่อง', 43.00, '10002754', '94923931-6821-4aa1-a2c7-ca18fcec75f7'::uuid, '2026-06-21 13:03:39.785331+00'::timestamptz, '2026-06-21 13:03:39.785331+00'::timestamptz, NULL),
  ('87774582-092a-47a1-b1c7-6d28713bc597'::uuid, '10002762', 'Cuff BP ท่อเดี่ยวพร้อมข้อต่อพลาสติก 18-26 cm.', 'อัน', 750.00, '10002762', '94923931-6821-4aa1-a2c7-ca18fcec75f7'::uuid, '2026-06-21 13:03:39.785331+00'::timestamptz, '2026-06-21 13:03:39.785331+00'::timestamptz, NULL),
  ('d0b30a54-7f71-4cac-8cfd-30c89c14dbb0'::uuid, '10002770', 'ATS 500 HOSE ASSEMBLY BLU', 'ชิ้น', 2354.00, '10002770', '94923931-6821-4aa1-a2c7-ca18fcec75f7'::uuid, '2026-06-21 13:03:39.785331+00'::timestamptz, '2026-06-21 13:03:39.785331+00'::timestamptz, NULL),
  ('f5a7f561-9ec9-437e-9512-a2671f0522ac'::uuid, '10002779', 'น้ำยาเช็ดกระจก แบบสเปรย์', 'ขวด', 50.00, '10002779', 'e4dafbb9-a96c-4e73-8b55-d34ca3d22ea3'::uuid, '2026-06-21 13:03:39.785331+00'::timestamptz, '2026-06-21 13:03:39.785331+00'::timestamptz, NULL),
  ('f527650b-dbff-4009-9aa5-0cb61a1049a2'::uuid, '10002794', 'Roll gauze bandage 2" ผ้ายืด ม้วน', 'ม้วน', 6.67, '10002794', '94923931-6821-4aa1-a2c7-ca18fcec75f7'::uuid, '2026-06-21 13:03:39.785331+00'::timestamptz, '2026-06-21 13:03:39.785331+00'::timestamptz, NULL),
  ('1b45c7ef-d714-4d6b-a284-9e2351bec6fe'::uuid, '10003951', 'CHROMIC NO.1 63 MM 3/8 BALL POINT', 'โหล', 1391.00, '10003951', '94923931-6821-4aa1-a2c7-ca18fcec75f7'::uuid, '2026-06-21 13:03:39.785331+00'::timestamptz, '2026-06-21 13:03:39.785331+00'::timestamptz, NULL),
  ('0e241ab2-c728-4090-972f-692eabb6cfc2'::uuid, '10003980', 'กล่องทิ้งเข็ม', 'ใบ', 28.89, '10003980', '94923931-6821-4aa1-a2c7-ca18fcec75f7'::uuid, '2026-06-21 13:03:39.785331+00'::timestamptz, '2026-06-21 13:03:39.785331+00'::timestamptz, NULL),
  ('8b5fa484-eb29-4978-9178-f48f35ed0c3d'::uuid, '10003982', 'น้ำยาถูพื้นแบบถุงเติม', 'ถุง', 60.00, '10003982', 'e4dafbb9-a96c-4e73-8b55-d34ca3d22ea3'::uuid, '2026-06-21 13:03:39.785331+00'::timestamptz, '2026-06-21 13:03:39.785331+00'::timestamptz, NULL),
  ('f7da14b2-7902-4288-83d8-7ebef3124a73'::uuid, '10003992', 'ถุงหิ้วขาวหนา 9*18', 'ห่อ', 60.00, '10003992', 'e4dafbb9-a96c-4e73-8b55-d34ca3d22ea3'::uuid, '2026-06-21 13:03:39.785331+00'::timestamptz, '2026-06-21 13:03:39.785331+00'::timestamptz, NULL),
  ('d909a74f-5d80-4250-b610-30112a2a2d03'::uuid, '10004277', 'สปองโกสแตนด์ (Spongostan)', 'กล่อง', 18000.00, '10004277', '94923931-6821-4aa1-a2c7-ca18fcec75f7'::uuid, '2026-06-21 13:03:39.785331+00'::timestamptz, '2026-06-21 13:03:39.785331+00'::timestamptz, NULL),
  ('5925372b-4aa1-4f57-ba32-48af6baf62c7'::uuid, '10004282', 'ถุงดำ16*25', 'ห่อ', 90.00, '10004282', 'e4dafbb9-a96c-4e73-8b55-d34ca3d22ea3'::uuid, '2026-06-21 13:03:39.785331+00'::timestamptz, '2026-06-21 13:03:39.785331+00'::timestamptz, NULL),
  ('4cf52330-9637-4447-933a-2236fe52bb7d'::uuid, '10004283', 'Syring Disposable 1 cc(ไม่ติดเข็ม)', 'กล่อง', 157.00, '10004283', '94923931-6821-4aa1-a2c7-ca18fcec75f7'::uuid, '2026-06-21 13:03:39.785331+00'::timestamptz, '2026-06-21 13:03:39.785331+00'::timestamptz, NULL),
  ('e21ea3f5-fd9e-4f9f-8ae9-6c75ac1592dc'::uuid, '10004286', 'ถุงหิ้วขาวหนา 9x18', 'ห่อ', 60.00, '10004286', 'e4dafbb9-a96c-4e73-8b55-d34ca3d22ea3'::uuid, '2026-06-21 13:03:39.785331+00'::timestamptz, '2026-06-21 13:03:39.785331+00'::timestamptz, NULL),
  ('61408451-7f06-4716-bb44-364e8f2fa2e6'::uuid, '10004293', 'ถุงพลาสติก 9*14', 'ห่อ', 40.00, '10004293', 'e4dafbb9-a96c-4e73-8b55-d34ca3d22ea3'::uuid, '2026-06-21 13:03:39.785331+00'::timestamptz, '2026-06-21 13:03:39.785331+00'::timestamptz, NULL),
  ('b7e6c13a-b58a-4f22-80ce-3cd8197770cc'::uuid, '10004294', 'สำลีก้านอนามัย', 'แพ็ค', 17.00, '10004294', 'e4dafbb9-a96c-4e73-8b55-d34ca3d22ea3'::uuid, '2026-06-21 13:03:39.785331+00'::timestamptz, '2026-06-21 13:03:39.785331+00'::timestamptz, NULL),
  ('6343bec6-bca6-4d69-9989-e1615b3d0b5d'::uuid, '10004313', 'ขวดเชทเดนแจ๊คสันเดน 100 ซีซี set 100 ml', 'ขวด', 480.00, '10004313', '94923931-6821-4aa1-a2c7-ca18fcec75f7'::uuid, '2026-06-21 13:03:39.785331+00'::timestamptz, '2026-06-21 13:03:39.785331+00'::timestamptz, NULL),
  ('5e3e1469-3250-4eed-a1bd-de68acd6bc33'::uuid, '10004356', 'Mask disposable', 'กล่อง', 43.00, '10004356', '94923931-6821-4aa1-a2c7-ca18fcec75f7'::uuid, '2026-06-21 13:03:39.785331+00'::timestamptz, '2026-06-21 13:03:39.785331+00'::timestamptz, NULL),
  ('dbc9faa5-150b-4d68-b103-4d7ca4971afd'::uuid, '10004475', 'Prolen no.6/0 ติดเข็ม ราวน์', 'ชิ้น', 439.39, '10004475', '94923931-6821-4aa1-a2c7-ca18fcec75f7'::uuid, '2026-06-21 13:03:39.785331+00'::timestamptz, '2026-06-21 13:03:39.785331+00'::timestamptz, NULL),
  ('49a1cfdc-3f43-45a9-a79e-0380564d14ec'::uuid, '10004765', 'ผ้ายางรองกันเปื้อน', 'ม้วน', 2800.00, '10004765', 'e4dafbb9-a96c-4e73-8b55-d34ca3d22ea3'::uuid, '2026-06-21 13:03:39.785331+00'::timestamptz, '2026-06-21 13:03:39.785331+00'::timestamptz, NULL)
ON CONFLICT (id) DO NOTHING;

INSERT INTO public.department_items (id, department_id, item_id, added_at, deleted_at) VALUES
  ('92f12f93-df04-45d2-a8c8-aa251955b846'::uuid, 'ae1e4356-1f88-441a-b668-01f8da9f5a2a'::uuid, '0f6dea43-dfb6-4617-99ca-91ad3aebd4ef'::uuid, '2026-06-20 16:33:18.660211+00'::timestamptz, NULL),
  ('bb8c93c9-27b3-47a1-9787-a15c330ab476'::uuid, 'ae1e4356-1f88-441a-b668-01f8da9f5a2a'::uuid, '562ed835-fee9-44cc-b669-160cb8265187'::uuid, '2026-06-20 16:33:18.660211+00'::timestamptz, NULL),
  ('44d27e58-6d4a-4c23-bfc0-49f5674c1e56'::uuid, 'ae1e4356-1f88-441a-b668-01f8da9f5a2a'::uuid, '116e23b1-5bdd-47f1-8d79-1dd76ecde3fb'::uuid, '2026-06-20 16:33:18.660211+00'::timestamptz, NULL),
  ('692aa4e4-2327-4f54-9cb5-2c0a01ab244f'::uuid, 'ae1e4356-1f88-441a-b668-01f8da9f5a2a'::uuid, 'a8d684b6-2a41-4343-a391-7d6c26df4ba8'::uuid, '2026-06-20 16:33:18.660211+00'::timestamptz, NULL),
  ('1d50e66a-fc2e-4aec-b286-fffd35887f05'::uuid, 'ae1e4356-1f88-441a-b668-01f8da9f5a2a'::uuid, '67534a17-ff44-4342-993f-685d064fbd50'::uuid, '2026-06-20 16:33:18.660211+00'::timestamptz, NULL),
  ('38358464-44b2-47ce-b817-231b73910296'::uuid, 'ae1e4356-1f88-441a-b668-01f8da9f5a2a'::uuid, 'fae1a4a2-0061-4ad8-b5f3-ee25b6792c0d'::uuid, '2026-06-21 13:04:08.84253+00'::timestamptz, NULL),
  ('01bc8be8-474e-417d-8069-a8d9d54ccb8c'::uuid, 'ae1e4356-1f88-441a-b668-01f8da9f5a2a'::uuid, 'fba55c78-5ca6-4a90-8c7a-74f75e7896d5'::uuid, '2026-06-21 13:04:08.84253+00'::timestamptz, NULL),
  ('3134d40b-90ce-480d-b729-069212a2993f'::uuid, 'ae1e4356-1f88-441a-b668-01f8da9f5a2a'::uuid, '2792ce12-29c9-4275-aa19-1a862dda2a63'::uuid, '2026-06-21 13:04:08.84253+00'::timestamptz, NULL),
  ('5c3edfe3-82ac-48d0-8c2e-fb29011daab0'::uuid, 'ae1e4356-1f88-441a-b668-01f8da9f5a2a'::uuid, 'a3799cce-e1c2-40e3-a4a7-a6c0c460b5db'::uuid, '2026-06-21 13:04:08.84253+00'::timestamptz, NULL),
  ('64be6803-89fe-43a3-8eee-9ac9f8d30281'::uuid, 'ae1e4356-1f88-441a-b668-01f8da9f5a2a'::uuid, 'ecfb9359-908f-402f-a101-cf217fca64e3'::uuid, '2026-06-21 13:04:08.84253+00'::timestamptz, NULL),
  ('b75141f3-41df-47b9-9157-bc172c25df27'::uuid, 'ae1e4356-1f88-441a-b668-01f8da9f5a2a'::uuid, 'b7e6c13a-b58a-4f22-80ce-3cd8197770cc'::uuid, '2026-06-21 13:04:08.84253+00'::timestamptz, NULL),
  ('5273ef5c-8e8c-4a89-a300-1ccff518442b'::uuid, 'ae1e4356-1f88-441a-b668-01f8da9f5a2a'::uuid, 'e1150555-84a4-41f6-bc6a-f54cf5b66cd3'::uuid, '2026-06-21 13:04:08.84253+00'::timestamptz, NULL),
  ('9bd7b02d-dc9c-48c5-944e-dc49dc48a2a3'::uuid, 'ae1e4356-1f88-441a-b668-01f8da9f5a2a'::uuid, 'c287fd20-62aa-4ae9-a8ce-a6efd9e1a18d'::uuid, '2026-06-21 13:04:08.84253+00'::timestamptz, NULL),
  ('ca8d2251-ecb2-423e-805c-e5159dd739bc'::uuid, 'ae1e4356-1f88-441a-b668-01f8da9f5a2a'::uuid, 'fc4c9c42-167e-4761-b06a-83cd306723bd'::uuid, '2026-06-21 13:04:08.84253+00'::timestamptz, NULL),
  ('0831fd26-fe17-4c06-98e8-565e4aa4d35b'::uuid, 'ae1e4356-1f88-441a-b668-01f8da9f5a2a'::uuid, '4490eb26-4f5e-49a5-87b4-00bfd82e7b58'::uuid, '2026-06-21 13:04:08.84253+00'::timestamptz, NULL),
  ('67ac2dbe-8236-4d2f-873b-b0bd81591a26'::uuid, 'ae1e4356-1f88-441a-b668-01f8da9f5a2a'::uuid, 'b1fd84f8-4b58-4b78-9829-26147343e171'::uuid, '2026-06-21 13:04:08.84253+00'::timestamptz, NULL),
  ('85a185f9-608b-41a8-9b9a-cfd3182f8d0a'::uuid, 'ae1e4356-1f88-441a-b668-01f8da9f5a2a'::uuid, 'd0b30a54-7f71-4cac-8cfd-30c89c14dbb0'::uuid, '2026-06-21 13:04:08.84253+00'::timestamptz, NULL),
  ('40bcf62a-2a34-4d07-ae24-51f6d0ff1ad4'::uuid, 'ae1e4356-1f88-441a-b668-01f8da9f5a2a'::uuid, 'c36e2220-a416-4bdf-b803-c150e1b72ed6'::uuid, '2026-06-21 13:04:08.84253+00'::timestamptz, NULL),
  ('ad615518-ccce-449d-b104-e37ef220affb'::uuid, 'ae1e4356-1f88-441a-b668-01f8da9f5a2a'::uuid, '92f2305a-156f-4d8a-ae24-7ecb75fd5cb5'::uuid, '2026-06-21 13:04:08.84253+00'::timestamptz, NULL),
  ('b98df12e-b794-4be4-a54f-213704fd7339'::uuid, 'ae1e4356-1f88-441a-b668-01f8da9f5a2a'::uuid, 'a358699d-00bf-4373-b10b-f4c265bfcf34'::uuid, '2026-06-21 13:04:08.84253+00'::timestamptz, NULL),
  ('2b6bffd0-985c-4a5d-8ca7-180f074648e8'::uuid, 'ae1e4356-1f88-441a-b668-01f8da9f5a2a'::uuid, 'dac9f5b0-23ed-4be6-b816-e131045f380b'::uuid, '2026-06-21 13:04:08.84253+00'::timestamptz, NULL),
  ('880d9f09-cf7a-47ae-8def-a2b3815656a8'::uuid, 'ae1e4356-1f88-441a-b668-01f8da9f5a2a'::uuid, '22fc31e4-37f3-430f-8597-777f1fe6e513'::uuid, '2026-06-21 13:04:08.84253+00'::timestamptz, NULL),
  ('1b2c2e6c-81ae-4a01-8b87-403f8f887c16'::uuid, 'ae1e4356-1f88-441a-b668-01f8da9f5a2a'::uuid, '436c1bd7-1a02-4de2-ba68-c0b7df26b4ee'::uuid, '2026-06-21 13:04:08.84253+00'::timestamptz, NULL),
  ('13246403-0d0a-4a25-b906-a22409628e50'::uuid, 'ae1e4356-1f88-441a-b668-01f8da9f5a2a'::uuid, '2937307d-d23c-45c2-8665-7515e7a2549c'::uuid, '2026-06-21 13:04:08.84253+00'::timestamptz, NULL),
  ('d9ed5450-e24c-4065-9bbe-adb1122df7d2'::uuid, 'ae1e4356-1f88-441a-b668-01f8da9f5a2a'::uuid, 'a9ce20d8-3959-468c-8f1d-ab6b4a2b42db'::uuid, '2026-06-21 13:04:08.84253+00'::timestamptz, NULL),
  ('1cba6072-4176-4118-a195-84a2aaf3e9ea'::uuid, 'ae1e4356-1f88-441a-b668-01f8da9f5a2a'::uuid, 'f489cabb-fda2-4aac-b999-dc9ab21480db'::uuid, '2026-06-21 13:04:08.84253+00'::timestamptz, NULL),
  ('a23ee9f1-800c-4954-b611-584a2767e0e8'::uuid, 'ae1e4356-1f88-441a-b668-01f8da9f5a2a'::uuid, '1b45c7ef-d714-4d6b-a284-9e2351bec6fe'::uuid, '2026-06-21 13:04:08.84253+00'::timestamptz, NULL),
  ('19663d79-c484-4fc0-b3a4-6725370e0790'::uuid, 'ae1e4356-1f88-441a-b668-01f8da9f5a2a'::uuid, '13a6a8ea-6b9d-4ccf-a864-b8867d9b90bb'::uuid, '2026-06-21 13:04:08.84253+00'::timestamptz, NULL),
  ('4d7b0dea-e88d-47c8-a2d7-672906435b8a'::uuid, 'ae1e4356-1f88-441a-b668-01f8da9f5a2a'::uuid, '87774582-092a-47a1-b1c7-6d28713bc597'::uuid, '2026-06-21 13:04:08.84253+00'::timestamptz, NULL),
  ('35ab22a5-623d-4224-8090-4403dbbbf2eb'::uuid, 'ae1e4356-1f88-441a-b668-01f8da9f5a2a'::uuid, '8187d5ed-2328-44db-abed-9c1b446c1e28'::uuid, '2026-06-21 13:04:08.84253+00'::timestamptz, NULL),
  ('f08ef470-9bb8-4693-acad-72be22ca5601'::uuid, 'ae1e4356-1f88-441a-b668-01f8da9f5a2a'::uuid, 'f8d3fe5b-6e60-43e0-b45a-4c912ae948f5'::uuid, '2026-06-21 13:04:08.84253+00'::timestamptz, NULL),
  ('1ad3de62-ac70-42de-8192-bcf7b3bd50d5'::uuid, 'ae1e4356-1f88-441a-b668-01f8da9f5a2a'::uuid, '3d81f944-24a4-413a-8956-59735236d3a9'::uuid, '2026-06-21 13:04:08.84253+00'::timestamptz, NULL),
  ('97ed033b-2374-42a7-95e9-048cf0fe841b'::uuid, 'ae1e4356-1f88-441a-b668-01f8da9f5a2a'::uuid, 'ac089475-7f9f-43f3-aa6d-3e8fb38e6920'::uuid, '2026-06-21 13:04:08.84253+00'::timestamptz, NULL),
  ('2205f2d9-c41c-4200-88bd-357406c5c646'::uuid, 'ae1e4356-1f88-441a-b668-01f8da9f5a2a'::uuid, '243ac65b-3db9-4887-8982-906efaed4709'::uuid, '2026-06-21 13:04:08.84253+00'::timestamptz, NULL),
  ('90941b0f-cd3e-4b74-8813-ba57a21531d4'::uuid, 'ae1e4356-1f88-441a-b668-01f8da9f5a2a'::uuid, 'd6eb03e1-7bb1-4b27-a4ab-132d75f9f6ae'::uuid, '2026-06-21 13:04:08.84253+00'::timestamptz, NULL),
  ('efc152e7-b606-4f9d-bd25-d421a8d400c7'::uuid, 'ae1e4356-1f88-441a-b668-01f8da9f5a2a'::uuid, '98fe8f24-281f-441a-9468-4eb5501987f8'::uuid, '2026-06-21 13:04:08.84253+00'::timestamptz, NULL),
  ('30f27247-9a02-4bc0-949a-667f29f3dc94'::uuid, 'ae1e4356-1f88-441a-b668-01f8da9f5a2a'::uuid, '566250fd-6ebd-4d11-a459-75b710a5c7cb'::uuid, '2026-06-21 13:04:08.84253+00'::timestamptz, NULL),
  ('2d837225-68cb-48b1-9abb-449f5bfbda44'::uuid, 'ae1e4356-1f88-441a-b668-01f8da9f5a2a'::uuid, 'c8bfc7bc-a40e-4471-bfc3-31d384637ae9'::uuid, '2026-06-21 13:04:08.84253+00'::timestamptz, NULL),
  ('491f7b35-14a4-4d03-a741-e855884c8054'::uuid, 'ae1e4356-1f88-441a-b668-01f8da9f5a2a'::uuid, 'b31898c0-aa2c-4ecb-bb53-a51ba9076299'::uuid, '2026-06-21 13:04:08.84253+00'::timestamptz, NULL),
  ('f124bcc1-d946-43e4-9d92-d72c30bc2a65'::uuid, 'ae1e4356-1f88-441a-b668-01f8da9f5a2a'::uuid, '0f9a05ee-c7ca-468a-ae7b-03ec8f404840'::uuid, '2026-06-21 13:04:08.84253+00'::timestamptz, NULL),
  ('db88e16b-022c-40be-94ef-f570de2c75f6'::uuid, 'ae1e4356-1f88-441a-b668-01f8da9f5a2a'::uuid, '0029726f-b992-4451-9fcb-490b00f74428'::uuid, '2026-06-21 13:04:08.84253+00'::timestamptz, NULL),
  ('cb80410d-e884-4a21-8d11-5f75251be7f3'::uuid, 'ae1e4356-1f88-441a-b668-01f8da9f5a2a'::uuid, '74e9fd58-69b0-41d6-840c-ca11441c0fc0'::uuid, '2026-06-21 13:04:08.84253+00'::timestamptz, NULL),
  ('c3c415ff-97e0-4a61-97ad-ce2ef1ba8a1c'::uuid, 'ae1e4356-1f88-441a-b668-01f8da9f5a2a'::uuid, '21cd50f1-5abf-4470-8da0-7abae73f2ebd'::uuid, '2026-06-21 13:04:08.84253+00'::timestamptz, NULL),
  ('e92fcb5f-b2ad-434c-a2af-cb64e05b2847'::uuid, 'ae1e4356-1f88-441a-b668-01f8da9f5a2a'::uuid, 'f1cd00be-3167-453f-862a-5f028434906d'::uuid, '2026-06-21 13:04:08.84253+00'::timestamptz, NULL),
  ('0055d049-f7d7-4b12-ae0e-86e21d18c680'::uuid, 'ae1e4356-1f88-441a-b668-01f8da9f5a2a'::uuid, 'bc7c4ea5-70ae-42f5-b0a3-e5e0f5db4df4'::uuid, '2026-06-21 13:04:08.84253+00'::timestamptz, NULL)
ON CONFLICT (id) DO NOTHING;

INSERT INTO public.department_items (id, department_id, item_id, added_at, deleted_at) VALUES
  ('48fed1c8-5c44-4387-946d-38889546c021'::uuid, 'ae1e4356-1f88-441a-b668-01f8da9f5a2a'::uuid, 'd04e1a49-b472-4791-b69a-82122980789d'::uuid, '2026-06-21 13:04:08.84253+00'::timestamptz, NULL),
  ('ad7755fd-4346-447f-aad2-468ba606acb5'::uuid, 'ae1e4356-1f88-441a-b668-01f8da9f5a2a'::uuid, '91a445bc-85aa-4a75-82ef-350794fb8311'::uuid, '2026-06-21 13:04:08.84253+00'::timestamptz, NULL),
  ('09253561-ed05-4022-be8d-19ac0a4a76da'::uuid, 'ae1e4356-1f88-441a-b668-01f8da9f5a2a'::uuid, 'd405063f-ca86-4200-8580-653dc71de9f1'::uuid, '2026-06-21 13:04:08.84253+00'::timestamptz, NULL),
  ('17ab6e20-7af9-4a48-a1e5-5d88ce26a8b6'::uuid, 'ae1e4356-1f88-441a-b668-01f8da9f5a2a'::uuid, 'f11a5206-85a7-4918-adb9-e7cd0bfd1883'::uuid, '2026-06-21 13:04:08.84253+00'::timestamptz, NULL),
  ('7cf4443d-ebfd-4306-86c5-c9de552b6f1f'::uuid, 'ae1e4356-1f88-441a-b668-01f8da9f5a2a'::uuid, 'f811c1d5-d49f-4153-bf18-0e0407735b64'::uuid, '2026-06-21 13:04:08.84253+00'::timestamptz, NULL),
  ('b62184bd-b8a3-4cfc-af9b-d89afa3e5997'::uuid, 'ae1e4356-1f88-441a-b668-01f8da9f5a2a'::uuid, '69beeb6c-c7d6-452e-8b3c-30a558570756'::uuid, '2026-06-21 13:04:08.84253+00'::timestamptz, NULL),
  ('2c324e46-287e-49a0-8954-73be29dddbdd'::uuid, 'ae1e4356-1f88-441a-b668-01f8da9f5a2a'::uuid, '91f710af-7541-4f66-ace1-2e9b3bb64762'::uuid, '2026-06-21 13:04:08.84253+00'::timestamptz, NULL),
  ('9ea782ab-9bdc-4e2d-a5c6-aaadea2efaed'::uuid, 'ae1e4356-1f88-441a-b668-01f8da9f5a2a'::uuid, '26ab215c-bb8b-4370-b6d9-f23f84a60c80'::uuid, '2026-06-21 13:04:08.84253+00'::timestamptz, NULL),
  ('2374ed23-42a5-48cc-b5ad-e02f18cbf140'::uuid, 'ae1e4356-1f88-441a-b668-01f8da9f5a2a'::uuid, 'bcb3560a-4d92-4abd-8d9b-81a34ffa36ef'::uuid, '2026-06-21 13:04:08.84253+00'::timestamptz, NULL),
  ('b741762f-d662-4290-b01b-94effcf1a3ab'::uuid, 'ae1e4356-1f88-441a-b668-01f8da9f5a2a'::uuid, 'a52ecb6a-b110-4be3-a989-80e910dea997'::uuid, '2026-06-21 13:04:08.84253+00'::timestamptz, NULL),
  ('28617640-b8bf-457f-9ea4-057b592f2239'::uuid, 'ae1e4356-1f88-441a-b668-01f8da9f5a2a'::uuid, '05fc0008-ad2e-429a-ae2f-8593349bcd4d'::uuid, '2026-06-21 13:04:08.84253+00'::timestamptz, NULL),
  ('e5278229-5fc1-44ff-aa37-af93eca2d1d0'::uuid, 'ae1e4356-1f88-441a-b668-01f8da9f5a2a'::uuid, 'c0f9604e-36e0-41d2-8e4b-410a264f4eb8'::uuid, '2026-06-21 13:04:08.84253+00'::timestamptz, NULL),
  ('4aa2ef95-edfe-42dd-9566-cd67f2f14319'::uuid, 'ae1e4356-1f88-441a-b668-01f8da9f5a2a'::uuid, '11b4c5ab-09bb-4dd9-b87f-466ba9738ee3'::uuid, '2026-06-21 13:04:08.84253+00'::timestamptz, NULL),
  ('37415232-fd72-431c-879d-431441882709'::uuid, 'ae1e4356-1f88-441a-b668-01f8da9f5a2a'::uuid, '3d96f2a8-ed1c-4780-a007-154616947ff5'::uuid, '2026-06-21 13:04:08.84253+00'::timestamptz, NULL),
  ('9058ad34-e1cf-40f6-be03-f3565cc1cf47'::uuid, 'ae1e4356-1f88-441a-b668-01f8da9f5a2a'::uuid, '222c6da5-a14d-4dc7-b2f6-8acdffd83a98'::uuid, '2026-06-21 13:04:08.84253+00'::timestamptz, NULL),
  ('f4af9ce9-0066-4073-a3a2-236dcf4e9c95'::uuid, 'ae1e4356-1f88-441a-b668-01f8da9f5a2a'::uuid, 'fbbb2881-8913-4275-aa9d-7e7a25126fa0'::uuid, '2026-06-21 13:04:08.84253+00'::timestamptz, NULL),
  ('fca1fde3-eb00-419e-9c15-35ded1a6a45c'::uuid, 'ae1e4356-1f88-441a-b668-01f8da9f5a2a'::uuid, '7a335195-2704-4a47-8cf5-cdd884bf77c8'::uuid, '2026-06-21 13:04:08.84253+00'::timestamptz, NULL),
  ('62c29d22-0ea3-4c36-bce4-5d309a41f59f'::uuid, 'ae1e4356-1f88-441a-b668-01f8da9f5a2a'::uuid, 'bc81ff2e-24aa-4f97-b9e0-1e35f809f719'::uuid, '2026-06-21 13:04:08.84253+00'::timestamptz, NULL),
  ('3f6efcbd-be45-4fb7-b0c2-8e71d896bed0'::uuid, 'ae1e4356-1f88-441a-b668-01f8da9f5a2a'::uuid, 'be49b81b-e283-41ca-adb0-a208233951a8'::uuid, '2026-06-21 13:04:08.84253+00'::timestamptz, NULL),
  ('8c7ee4d8-bff6-41f1-aec3-00eabb7b5bb7'::uuid, 'ae1e4356-1f88-441a-b668-01f8da9f5a2a'::uuid, '4e8d75fd-1e5b-4999-a5a0-d4c3e7c2d547'::uuid, '2026-06-21 13:04:08.84253+00'::timestamptz, NULL),
  ('5c45e5c4-3f47-47fa-b020-cbc6bed11e64'::uuid, 'ae1e4356-1f88-441a-b668-01f8da9f5a2a'::uuid, '2446abcd-f2e4-418e-bec4-ca68c67640d4'::uuid, '2026-06-21 13:04:08.84253+00'::timestamptz, NULL),
  ('39d8e989-fa4a-46f1-bb1a-e138686817db'::uuid, 'ae1e4356-1f88-441a-b668-01f8da9f5a2a'::uuid, 'a34f354a-5c68-441e-b647-7caa67ba09fc'::uuid, '2026-06-21 13:04:08.84253+00'::timestamptz, NULL),
  ('c3a96fa6-db9b-4861-a044-7bd6acf03b72'::uuid, 'ae1e4356-1f88-441a-b668-01f8da9f5a2a'::uuid, 'ade1286e-94a2-4c6f-8882-d4bd43cea3f8'::uuid, '2026-06-21 13:04:08.84253+00'::timestamptz, NULL),
  ('7a2a1aeb-c33a-4502-bb7e-a1a8d4f52ebe'::uuid, 'ae1e4356-1f88-441a-b668-01f8da9f5a2a'::uuid, '5dd9d763-8183-4f98-b610-cd97bc9a1046'::uuid, '2026-06-21 13:04:08.84253+00'::timestamptz, NULL),
  ('7f90bcfc-851c-4dbe-931a-ba47c4325057'::uuid, 'ae1e4356-1f88-441a-b668-01f8da9f5a2a'::uuid, '2c0e1f31-598f-4564-9d6f-7ef35cc808f9'::uuid, '2026-06-21 13:04:08.84253+00'::timestamptz, NULL),
  ('c50b5a58-926b-4524-a78f-b54d9f2a397b'::uuid, 'ae1e4356-1f88-441a-b668-01f8da9f5a2a'::uuid, '6cd60a23-2932-4f33-a4fc-065e8f108fac'::uuid, '2026-06-21 13:04:08.84253+00'::timestamptz, NULL),
  ('775c19de-7424-4be7-99ea-3bc2f607a93b'::uuid, 'ae1e4356-1f88-441a-b668-01f8da9f5a2a'::uuid, '1f0fa9af-45ad-47de-a199-0eb2a8f96172'::uuid, '2026-06-21 13:04:08.84253+00'::timestamptz, NULL),
  ('3210a057-036c-4352-b652-a13abaf32885'::uuid, 'ae1e4356-1f88-441a-b668-01f8da9f5a2a'::uuid, '4ea7f839-97ee-4923-9a65-dba109dd4186'::uuid, '2026-06-21 13:04:08.84253+00'::timestamptz, NULL),
  ('9167ecae-7625-48e2-bad7-22304ba76209'::uuid, 'ae1e4356-1f88-441a-b668-01f8da9f5a2a'::uuid, '06fa2cc5-313e-4e64-a7d6-7b80fe9dbf13'::uuid, '2026-06-21 13:04:08.84253+00'::timestamptz, NULL),
  ('9b18ee83-53ad-41ff-be64-7009243bad08'::uuid, 'ae1e4356-1f88-441a-b668-01f8da9f5a2a'::uuid, '973a7f1d-c610-490e-a8e9-c5bd52a1efb9'::uuid, '2026-06-21 13:04:08.84253+00'::timestamptz, NULL),
  ('ca51b04f-b3d6-4b40-b38d-a1550a11d661'::uuid, 'ae1e4356-1f88-441a-b668-01f8da9f5a2a'::uuid, '32c8a643-6de3-4b96-ae80-eaea1f854aec'::uuid, '2026-06-21 13:04:08.84253+00'::timestamptz, NULL),
  ('4dc33378-d813-46ad-b58b-da9b50da8d1b'::uuid, 'ae1e4356-1f88-441a-b668-01f8da9f5a2a'::uuid, '1f5c87b0-3c0b-43cc-a60c-e1e982cfd527'::uuid, '2026-06-21 13:04:08.84253+00'::timestamptz, NULL),
  ('c9d945f6-b12e-485a-8ac4-61336b08757a'::uuid, 'ae1e4356-1f88-441a-b668-01f8da9f5a2a'::uuid, '5e3e1469-3250-4eed-a1bd-de68acd6bc33'::uuid, '2026-06-21 13:04:08.84253+00'::timestamptz, NULL),
  ('39f10565-310c-41b3-9365-f66ef2459671'::uuid, 'ae1e4356-1f88-441a-b668-01f8da9f5a2a'::uuid, '32a38e66-3747-4028-9771-b9b41cc5401d'::uuid, '2026-06-21 13:04:08.84253+00'::timestamptz, NULL),
  ('e267e192-4a80-450e-8278-5166b78afbab'::uuid, 'ae1e4356-1f88-441a-b668-01f8da9f5a2a'::uuid, '5b7dd3f9-2935-47a6-8335-a7c370e69017'::uuid, '2026-06-21 13:04:08.84253+00'::timestamptz, NULL),
  ('731d0160-a51a-4a25-b209-e7b8c6d5b6a3'::uuid, 'ae1e4356-1f88-441a-b668-01f8da9f5a2a'::uuid, '2c30bf85-cd44-49b1-a4bb-b3bd9971e5fc'::uuid, '2026-06-21 13:04:08.84253+00'::timestamptz, NULL),
  ('c2a02717-e65b-4dbc-b460-0e1c42b5cc21'::uuid, 'ae1e4356-1f88-441a-b668-01f8da9f5a2a'::uuid, '0d92998c-6299-43fb-ab5d-8f58f0858ab3'::uuid, '2026-06-21 13:04:08.84253+00'::timestamptz, NULL),
  ('3d1882ad-6e24-4b6b-a5b4-cb92285d0743'::uuid, 'ae1e4356-1f88-441a-b668-01f8da9f5a2a'::uuid, '1a669c8d-1233-45d1-ba33-cda79d1643f8'::uuid, '2026-06-21 13:04:08.84253+00'::timestamptz, NULL),
  ('9e38f68f-3eec-43ec-bd06-ae1f794b6c56'::uuid, 'ae1e4356-1f88-441a-b668-01f8da9f5a2a'::uuid, '03be93cf-49a4-46c0-a094-aa7004a4c8ca'::uuid, '2026-06-21 13:04:08.84253+00'::timestamptz, NULL),
  ('7f19fdab-3d76-4945-804f-ad3d32600f0e'::uuid, 'ae1e4356-1f88-441a-b668-01f8da9f5a2a'::uuid, '5aeb0b44-ab33-4f2a-80bf-b9145cb36eb0'::uuid, '2026-06-21 13:04:08.84253+00'::timestamptz, NULL),
  ('5f8d08e4-67e8-49bd-9832-8c69fa91ca01'::uuid, 'ae1e4356-1f88-441a-b668-01f8da9f5a2a'::uuid, 'e78a51d8-fca1-47d2-a62a-8b785e7a6a12'::uuid, '2026-06-21 13:04:08.84253+00'::timestamptz, NULL),
  ('a526714f-85af-464c-be97-00eededb7996'::uuid, 'ae1e4356-1f88-441a-b668-01f8da9f5a2a'::uuid, '9d681f3e-0061-451d-b9c9-6106b56a2995'::uuid, '2026-06-21 13:04:08.84253+00'::timestamptz, NULL),
  ('9ad891a0-d921-4ab6-8690-670044fc9d91'::uuid, 'ae1e4356-1f88-441a-b668-01f8da9f5a2a'::uuid, 'e041a069-82c2-4ecc-b575-400314616805'::uuid, '2026-06-21 13:04:08.84253+00'::timestamptz, NULL),
  ('3db877e2-4357-4daa-afe5-a6c4ef8450de'::uuid, 'ae1e4356-1f88-441a-b668-01f8da9f5a2a'::uuid, '51a457bb-496f-41b4-8247-8b6b1a5bdf04'::uuid, '2026-06-21 13:04:08.84253+00'::timestamptz, NULL),
  ('7886f691-20b0-4783-aa6d-76618f4bed89'::uuid, 'ae1e4356-1f88-441a-b668-01f8da9f5a2a'::uuid, '6d25a797-40f4-47d3-a841-fc1d952cfa47'::uuid, '2026-06-21 13:04:08.84253+00'::timestamptz, NULL),
  ('3edf9e53-3244-415f-b22e-6082ed7e156c'::uuid, 'ae1e4356-1f88-441a-b668-01f8da9f5a2a'::uuid, '0253e313-2c17-4b44-ace2-fc316ab54582'::uuid, '2026-06-21 13:04:08.84253+00'::timestamptz, NULL),
  ('5405be10-ac44-401b-bed4-419b0275450c'::uuid, 'ae1e4356-1f88-441a-b668-01f8da9f5a2a'::uuid, '39246d87-73c5-4bbe-9fd1-f8dc60d6fd40'::uuid, '2026-06-21 13:04:08.84253+00'::timestamptz, NULL),
  ('bc991caa-e008-40e7-80ee-0fb6f974e5b8'::uuid, 'ae1e4356-1f88-441a-b668-01f8da9f5a2a'::uuid, '3552884e-51ee-4d06-aa34-3b1764da764a'::uuid, '2026-06-21 13:04:08.84253+00'::timestamptz, NULL),
  ('60db5f50-9c0a-45b9-844b-2f91a02ec29c'::uuid, 'ae1e4356-1f88-441a-b668-01f8da9f5a2a'::uuid, '7a90e91f-a3da-4b61-9822-e04b5b93e001'::uuid, '2026-06-21 13:04:08.84253+00'::timestamptz, NULL),
  ('fd6c07e9-58dc-45c3-a6d4-59ae23cc75f2'::uuid, 'ae1e4356-1f88-441a-b668-01f8da9f5a2a'::uuid, 'cb9cc9f9-6484-4c1b-9ad4-aa7803e9926a'::uuid, '2026-06-21 13:04:08.84253+00'::timestamptz, NULL)
ON CONFLICT (id) DO NOTHING;

INSERT INTO public.department_items (id, department_id, item_id, added_at, deleted_at) VALUES
  ('82671759-d043-4f75-95f5-fc105487b6bb'::uuid, 'ae1e4356-1f88-441a-b668-01f8da9f5a2a'::uuid, '903911c9-f623-4b76-9815-96b6eb1dbb3f'::uuid, '2026-06-21 13:04:08.84253+00'::timestamptz, NULL),
  ('9a8f4418-2498-4dd7-9005-c9d7071b83dd'::uuid, 'ae1e4356-1f88-441a-b668-01f8da9f5a2a'::uuid, 'bfaa632c-9fc2-4705-92c5-9c506f0f39a5'::uuid, '2026-06-21 13:04:08.84253+00'::timestamptz, NULL),
  ('7e99c61d-d188-403a-bc96-6d07de195347'::uuid, 'ae1e4356-1f88-441a-b668-01f8da9f5a2a'::uuid, '0d06342a-630b-4f63-bc1e-fbd0fcc570dd'::uuid, '2026-06-21 13:04:08.84253+00'::timestamptz, NULL),
  ('b4c145e2-4daa-4c96-a786-a11580eec61e'::uuid, 'ae1e4356-1f88-441a-b668-01f8da9f5a2a'::uuid, '137b5ae9-b8a8-41cd-9b95-38ab1ad882f8'::uuid, '2026-06-21 13:04:08.84253+00'::timestamptz, NULL),
  ('9f4d644a-1beb-44a1-a810-bb17fa875e86'::uuid, 'ae1e4356-1f88-441a-b668-01f8da9f5a2a'::uuid, '2444a1c3-22d5-4f10-a214-80a2b32f9af3'::uuid, '2026-06-21 13:04:08.84253+00'::timestamptz, NULL),
  ('46a770a6-0954-43b8-9298-0c20860f44ed'::uuid, 'ae1e4356-1f88-441a-b668-01f8da9f5a2a'::uuid, '54a5535b-9f98-43ad-9ca6-9aa2520a874b'::uuid, '2026-06-21 13:04:08.84253+00'::timestamptz, NULL),
  ('b9b8ff14-647b-4dfe-8092-730fada66d83'::uuid, 'ae1e4356-1f88-441a-b668-01f8da9f5a2a'::uuid, '6d32f247-f5ba-4c46-97e4-4ac621d604ec'::uuid, '2026-06-21 13:04:08.84253+00'::timestamptz, NULL),
  ('fd2dbbcc-b86c-4e5d-932c-f16db4b61746'::uuid, 'ae1e4356-1f88-441a-b668-01f8da9f5a2a'::uuid, 'af12db91-66bf-4961-bac7-3e7e0c131d44'::uuid, '2026-06-21 13:04:08.84253+00'::timestamptz, NULL),
  ('02ef1f9d-c023-4544-81be-462ce9b7b28e'::uuid, 'ae1e4356-1f88-441a-b668-01f8da9f5a2a'::uuid, '91851636-d08b-4339-a8f9-28c46961cab4'::uuid, '2026-06-21 13:04:08.84253+00'::timestamptz, NULL),
  ('5fdc5dbd-f4d2-451a-9c98-fddf33058981'::uuid, 'ae1e4356-1f88-441a-b668-01f8da9f5a2a'::uuid, '8473412d-20e3-4249-bf27-bccca9521250'::uuid, '2026-06-21 13:04:08.84253+00'::timestamptz, NULL),
  ('72371fc5-18f9-41a1-ad37-c7030f3a8b36'::uuid, 'ae1e4356-1f88-441a-b668-01f8da9f5a2a'::uuid, '13ae99d7-2d28-422f-863a-65f7d9f41569'::uuid, '2026-06-21 13:04:08.84253+00'::timestamptz, NULL),
  ('e127fe34-3c36-48aa-8204-409007268b53'::uuid, 'ae1e4356-1f88-441a-b668-01f8da9f5a2a'::uuid, 'f3acd7da-9f3a-45d8-a10a-5a33194531d3'::uuid, '2026-06-21 13:04:08.84253+00'::timestamptz, NULL),
  ('03e868e0-c0c8-4ecd-be65-2021275bd060'::uuid, 'ae1e4356-1f88-441a-b668-01f8da9f5a2a'::uuid, 'd203eada-ddee-4bb2-9fa9-a92961780769'::uuid, '2026-06-21 13:04:08.84253+00'::timestamptz, NULL),
  ('fea8d503-7677-4128-be09-59cc6dd2c806'::uuid, 'ae1e4356-1f88-441a-b668-01f8da9f5a2a'::uuid, '1c42c4d3-8877-4c4d-9e87-a7e1beac2c89'::uuid, '2026-06-21 13:04:08.84253+00'::timestamptz, NULL),
  ('aaaf1429-d7a2-4f2f-9c60-209ce5ee9909'::uuid, 'ae1e4356-1f88-441a-b668-01f8da9f5a2a'::uuid, '5ad52a1f-5b6f-4cb0-8082-67e99b7680e2'::uuid, '2026-06-21 13:04:08.84253+00'::timestamptz, NULL),
  ('3c9565d9-ecd2-45dd-89d4-c701ebf48a87'::uuid, 'ae1e4356-1f88-441a-b668-01f8da9f5a2a'::uuid, 'e7d78f71-479b-48c4-91ca-a19bc80f7203'::uuid, '2026-06-21 13:04:08.84253+00'::timestamptz, NULL),
  ('593dff17-5e33-4b81-b59d-84b26402b452'::uuid, 'ae1e4356-1f88-441a-b668-01f8da9f5a2a'::uuid, '1128a92e-8b22-465a-addc-326330e8e6a4'::uuid, '2026-06-21 13:04:08.84253+00'::timestamptz, NULL),
  ('2dc5fe56-7f27-4662-9953-1a4bd6a211a6'::uuid, 'ae1e4356-1f88-441a-b668-01f8da9f5a2a'::uuid, '0dae0707-3ae3-450b-9414-df7f2bc96ff9'::uuid, '2026-06-21 13:04:08.84253+00'::timestamptz, NULL),
  ('40af563d-f527-459c-9c55-3ee11675e153'::uuid, 'ae1e4356-1f88-441a-b668-01f8da9f5a2a'::uuid, '0767170f-0ae7-4ac3-9ace-f5e16a974c35'::uuid, '2026-06-21 13:04:08.84253+00'::timestamptz, NULL),
  ('44a42972-2629-4dc4-be74-06ae2229ba4f'::uuid, 'ae1e4356-1f88-441a-b668-01f8da9f5a2a'::uuid, 'aac50c90-f577-4deb-8d6e-80cd8ff718e9'::uuid, '2026-06-21 13:04:08.84253+00'::timestamptz, NULL),
  ('c49e87e6-8f98-4121-8750-7b4d0630dea1'::uuid, 'ae1e4356-1f88-441a-b668-01f8da9f5a2a'::uuid, '3f043e5d-5e28-43ef-bdc5-551bd8cabe08'::uuid, '2026-06-21 13:04:08.84253+00'::timestamptz, NULL),
  ('6a155825-445e-4487-985f-22aed8ea5e12'::uuid, 'ae1e4356-1f88-441a-b668-01f8da9f5a2a'::uuid, 'dbc9faa5-150b-4d68-b103-4d7ca4971afd'::uuid, '2026-06-21 13:04:08.84253+00'::timestamptz, NULL),
  ('cf0a241c-770e-4477-af0f-a4a83d0d37c8'::uuid, 'ae1e4356-1f88-441a-b668-01f8da9f5a2a'::uuid, '0a3fb73b-a821-4b80-aaf3-a9fbb7b89051'::uuid, '2026-06-21 13:04:08.84253+00'::timestamptz, NULL),
  ('a5573757-81ed-427a-a3d0-3120acb2d0a4'::uuid, 'ae1e4356-1f88-441a-b668-01f8da9f5a2a'::uuid, 'a6730606-09cd-42b2-a068-c161cce16d98'::uuid, '2026-06-21 13:04:08.84253+00'::timestamptz, NULL),
  ('e5f08224-8e48-4204-9472-e456cf114123'::uuid, 'ae1e4356-1f88-441a-b668-01f8da9f5a2a'::uuid, 'd9a2f22f-a6ff-43ad-b19b-e117cef79827'::uuid, '2026-06-21 13:04:08.84253+00'::timestamptz, NULL),
  ('17493da1-bc0b-4572-9f64-3080e835c560'::uuid, 'ae1e4356-1f88-441a-b668-01f8da9f5a2a'::uuid, '96c56934-c618-4241-85c9-ca2d0f4a6f12'::uuid, '2026-06-21 13:04:08.84253+00'::timestamptz, NULL),
  ('e18b17b6-4828-4ab4-b600-7f040debadd9'::uuid, 'ae1e4356-1f88-441a-b668-01f8da9f5a2a'::uuid, 'a95977c0-498d-432c-b6c6-686881019b06'::uuid, '2026-06-21 13:04:08.84253+00'::timestamptz, NULL),
  ('15e5ea14-1f0b-43a8-ab73-fa08e33904b6'::uuid, 'ae1e4356-1f88-441a-b668-01f8da9f5a2a'::uuid, '2603e18c-617f-4dd5-9701-d92acd4cd202'::uuid, '2026-06-21 13:04:08.84253+00'::timestamptz, NULL),
  ('8484fa97-97ab-42c0-a6a5-6d60b34afeb0'::uuid, 'ae1e4356-1f88-441a-b668-01f8da9f5a2a'::uuid, 'e4be72b5-2a81-44bd-96b9-97378eb08d17'::uuid, '2026-06-21 13:04:08.84253+00'::timestamptz, NULL),
  ('dc639d8f-7ca0-4424-bd9c-a8bcd3673c58'::uuid, 'ae1e4356-1f88-441a-b668-01f8da9f5a2a'::uuid, 'f527650b-dbff-4009-9aa5-0cb61a1049a2'::uuid, '2026-06-21 13:04:08.84253+00'::timestamptz, NULL),
  ('019b0275-ff09-4aab-b2cc-e3913f702486'::uuid, 'ae1e4356-1f88-441a-b668-01f8da9f5a2a'::uuid, '349458f1-3f32-4a79-ac70-57bbdb4bd08f'::uuid, '2026-06-21 13:04:08.84253+00'::timestamptz, NULL),
  ('f98a2854-c59a-40a7-a666-fd74c5c67e72'::uuid, 'ae1e4356-1f88-441a-b668-01f8da9f5a2a'::uuid, '9e1905ba-f001-4f1f-bfe7-ce1164542e89'::uuid, '2026-06-21 13:04:08.84253+00'::timestamptz, NULL),
  ('41361ba4-055f-4e08-970a-171048271a20'::uuid, 'ae1e4356-1f88-441a-b668-01f8da9f5a2a'::uuid, 'c3f49082-fc31-4f3f-8ed8-9e0467fb3697'::uuid, '2026-06-21 13:04:08.84253+00'::timestamptz, NULL),
  ('62cf1707-03be-46b1-b88f-0a85bdb41602'::uuid, 'ae1e4356-1f88-441a-b668-01f8da9f5a2a'::uuid, 'd1652cf8-9173-46f4-b87b-fa6d8a95f43c'::uuid, '2026-06-21 13:04:08.84253+00'::timestamptz, NULL),
  ('e647b169-a03e-4557-8cff-9a79e227efbd'::uuid, 'ae1e4356-1f88-441a-b668-01f8da9f5a2a'::uuid, '45bdcbf4-e147-4796-bd71-b0e70f9f76fd'::uuid, '2026-06-21 13:04:08.84253+00'::timestamptz, NULL),
  ('50e2f27b-3a55-4130-852d-913ffca1fd04'::uuid, 'ae1e4356-1f88-441a-b668-01f8da9f5a2a'::uuid, '2ccea80f-628e-4e6d-b3b2-fca2605299bb'::uuid, '2026-06-21 13:04:08.84253+00'::timestamptz, NULL),
  ('c869da3c-1d06-4cb0-8a54-66a898061dc5'::uuid, 'ae1e4356-1f88-441a-b668-01f8da9f5a2a'::uuid, '0fec6341-ee68-446a-a5ac-488dd130d6c8'::uuid, '2026-06-21 13:04:08.84253+00'::timestamptz, NULL),
  ('21b2eef4-1753-4a9d-aca7-98d127f58bc9'::uuid, 'ae1e4356-1f88-441a-b668-01f8da9f5a2a'::uuid, 'b61225e2-c3eb-45e6-bb16-038d0bd0185a'::uuid, '2026-06-21 13:04:08.84253+00'::timestamptz, NULL),
  ('c02d4294-ba0f-45a0-9709-cdc6acc904d6'::uuid, 'ae1e4356-1f88-441a-b668-01f8da9f5a2a'::uuid, '61694a20-8f11-4a4e-8da7-c18347f0935d'::uuid, '2026-06-21 13:04:08.84253+00'::timestamptz, NULL),
  ('66f5b370-418c-419b-976c-226fa06ab7d2'::uuid, 'ae1e4356-1f88-441a-b668-01f8da9f5a2a'::uuid, '4ce113f6-f606-45f9-a038-f7349262d7bf'::uuid, '2026-06-21 13:04:08.84253+00'::timestamptz, NULL),
  ('180c10ef-a893-4ef8-b9a1-f6b12c77ec92'::uuid, 'ae1e4356-1f88-441a-b668-01f8da9f5a2a'::uuid, '7cb5d8ef-d0f3-476e-980c-5a12b8414615'::uuid, '2026-06-21 13:04:08.84253+00'::timestamptz, NULL),
  ('d54f020c-304e-4329-88f3-ccf0c18d03a3'::uuid, 'ae1e4356-1f88-441a-b668-01f8da9f5a2a'::uuid, 'b65465ac-d212-4bda-8eb3-7cad8c20cd90'::uuid, '2026-06-21 13:04:08.84253+00'::timestamptz, NULL),
  ('0040242c-a41f-4aca-b191-aa3aee360f14'::uuid, 'ae1e4356-1f88-441a-b668-01f8da9f5a2a'::uuid, '14fad010-359c-4c54-8203-5ae1132f0f5e'::uuid, '2026-06-21 13:04:08.84253+00'::timestamptz, NULL),
  ('25a8a5ff-ada5-472e-9b57-1e21ae0a8cd0'::uuid, 'ae1e4356-1f88-441a-b668-01f8da9f5a2a'::uuid, '823eb336-1464-4378-9db1-d1b179681c54'::uuid, '2026-06-21 13:04:08.84253+00'::timestamptz, NULL),
  ('5d783c12-5a33-45e1-8b11-8e0523787049'::uuid, 'ae1e4356-1f88-441a-b668-01f8da9f5a2a'::uuid, 'd99c9283-71c9-4a7a-b533-2a83d66f7205'::uuid, '2026-06-21 13:04:08.84253+00'::timestamptz, NULL),
  ('33bf3966-4841-4b43-baeb-d7411d057306'::uuid, 'ae1e4356-1f88-441a-b668-01f8da9f5a2a'::uuid, 'bdbcdbcd-c09f-4ab0-b3d3-602d633e2225'::uuid, '2026-06-21 13:04:08.84253+00'::timestamptz, NULL),
  ('8e5c6384-25b0-449c-bc57-74d27893d60a'::uuid, 'ae1e4356-1f88-441a-b668-01f8da9f5a2a'::uuid, 'ee5dd9d1-82ad-4de3-8d53-6ce132feb042'::uuid, '2026-06-21 13:04:08.84253+00'::timestamptz, NULL),
  ('976044f6-2c64-46e9-9c42-eaea50eb9cbc'::uuid, 'ae1e4356-1f88-441a-b668-01f8da9f5a2a'::uuid, '701523ae-f323-48f8-ba9f-13a5adfe0914'::uuid, '2026-06-21 13:04:08.84253+00'::timestamptz, NULL),
  ('3fa5d3a8-4965-42c1-b098-bd2086bcbb85'::uuid, 'ae1e4356-1f88-441a-b668-01f8da9f5a2a'::uuid, 'a4999d58-79dc-4118-9b7c-b55f58edc561'::uuid, '2026-06-21 13:04:08.84253+00'::timestamptz, NULL),
  ('70f59ce0-aaed-4e6d-aad1-f3ac0f30c396'::uuid, 'ae1e4356-1f88-441a-b668-01f8da9f5a2a'::uuid, '1efbfce1-5940-4040-b1ba-90dd17609dd7'::uuid, '2026-06-21 13:04:08.84253+00'::timestamptz, NULL)
ON CONFLICT (id) DO NOTHING;

INSERT INTO public.department_items (id, department_id, item_id, added_at, deleted_at) VALUES
  ('534d886e-31e6-45a6-b5cf-4a3a7d9127a2'::uuid, 'ae1e4356-1f88-441a-b668-01f8da9f5a2a'::uuid, '34e16a2b-2577-483c-9701-c49a303ae587'::uuid, '2026-06-21 13:04:08.84253+00'::timestamptz, NULL),
  ('f9df8913-dac7-42b9-a58e-b7295a578ca8'::uuid, 'ae1e4356-1f88-441a-b668-01f8da9f5a2a'::uuid, '5fed248e-9086-4ae6-8588-ae4f2216cf6c'::uuid, '2026-06-21 13:04:08.84253+00'::timestamptz, NULL),
  ('76070706-cb00-4ee5-bc16-bc7e235f49fc'::uuid, 'ae1e4356-1f88-441a-b668-01f8da9f5a2a'::uuid, '8d474102-b6ac-49b4-9192-b745c04d1fbf'::uuid, '2026-06-21 13:04:08.84253+00'::timestamptz, NULL),
  ('b948707f-ecca-4cc5-b823-532399b6a097'::uuid, 'ae1e4356-1f88-441a-b668-01f8da9f5a2a'::uuid, '4cf52330-9637-4447-933a-2236fe52bb7d'::uuid, '2026-06-21 13:04:08.84253+00'::timestamptz, NULL),
  ('7ecb4141-ea5b-412c-b363-35d402b7fdf0'::uuid, 'ae1e4356-1f88-441a-b668-01f8da9f5a2a'::uuid, '2cce6b9c-1ef6-42fa-89bd-009c10edf547'::uuid, '2026-06-21 13:04:08.84253+00'::timestamptz, NULL),
  ('9c938bb4-143c-4832-b2af-14f87ab954bb'::uuid, 'ae1e4356-1f88-441a-b668-01f8da9f5a2a'::uuid, '2b4b2207-c201-43ab-9d9c-b822eb81c2b6'::uuid, '2026-06-21 13:04:08.84253+00'::timestamptz, NULL),
  ('d81bb718-3d85-41ee-8ab7-41ef529e4988'::uuid, 'ae1e4356-1f88-441a-b668-01f8da9f5a2a'::uuid, '05f492ad-1603-4760-a684-13128f2634f7'::uuid, '2026-06-21 13:04:08.84253+00'::timestamptz, NULL),
  ('7df19362-a727-415a-aa1f-e5d17910dc0c'::uuid, 'ae1e4356-1f88-441a-b668-01f8da9f5a2a'::uuid, '9e769c3f-3f70-4945-b985-c13c926c6068'::uuid, '2026-06-21 13:04:08.84253+00'::timestamptz, NULL),
  ('1a4c874c-9f9b-45f4-a7b1-d8e295450b8d'::uuid, 'ae1e4356-1f88-441a-b668-01f8da9f5a2a'::uuid, '04aeb17f-4148-4a91-a7de-b771c94d70cd'::uuid, '2026-06-21 13:04:08.84253+00'::timestamptz, NULL),
  ('88ad7c0e-95c6-4e71-8b61-3bb5ebec8427'::uuid, 'ae1e4356-1f88-441a-b668-01f8da9f5a2a'::uuid, 'd5f54b99-097a-47f4-b486-37e8240cccb5'::uuid, '2026-06-21 13:04:08.84253+00'::timestamptz, NULL),
  ('c371a3b8-fdb0-4a6c-8558-5d71a0b9120f'::uuid, 'ae1e4356-1f88-441a-b668-01f8da9f5a2a'::uuid, '49a6de1f-7407-40b6-b09a-cb3b778c9167'::uuid, '2026-06-21 13:04:08.84253+00'::timestamptz, NULL),
  ('04f0b2bf-fe0f-4468-927a-2ac0bd1fab6b'::uuid, 'ae1e4356-1f88-441a-b668-01f8da9f5a2a'::uuid, 'b3a0d82f-a3ea-4400-8f79-62c9a3f05e9a'::uuid, '2026-06-21 13:04:08.84253+00'::timestamptz, NULL),
  ('0d4de4bc-f8c7-4fc4-a033-23e9df68f761'::uuid, 'ae1e4356-1f88-441a-b668-01f8da9f5a2a'::uuid, '343d4e89-9a3f-40c7-aad6-085c62f32361'::uuid, '2026-06-21 13:04:08.84253+00'::timestamptz, NULL),
  ('13ba486a-237f-494c-8f50-511cf89cae4b'::uuid, 'ae1e4356-1f88-441a-b668-01f8da9f5a2a'::uuid, '47c595f2-5a1e-48eb-a564-a5ee29185242'::uuid, '2026-06-21 13:04:08.84253+00'::timestamptz, NULL),
  ('b376a9ec-6caa-4890-b9d7-14dd0f072c23'::uuid, 'ae1e4356-1f88-441a-b668-01f8da9f5a2a'::uuid, '6fac9e55-c991-402e-ae8d-8d5d79c62adf'::uuid, '2026-06-21 13:04:08.84253+00'::timestamptz, NULL),
  ('b742ecb5-6fe9-4d09-aab0-f9f93f1158d4'::uuid, 'ae1e4356-1f88-441a-b668-01f8da9f5a2a'::uuid, 'ae7a414d-32e0-44b6-a2ef-3ff20a79d658'::uuid, '2026-06-21 13:04:08.84253+00'::timestamptz, NULL),
  ('3aab9d3b-5db3-4039-aa5d-01a896079bb3'::uuid, 'ae1e4356-1f88-441a-b668-01f8da9f5a2a'::uuid, '11655fca-8d3a-4c00-9ad5-fbeb390e7bd9'::uuid, '2026-06-21 13:04:08.84253+00'::timestamptz, NULL),
  ('4f9ff505-c43b-4234-8849-05db1e8515aa'::uuid, 'ae1e4356-1f88-441a-b668-01f8da9f5a2a'::uuid, '409d5508-3037-447b-bf58-bf9523be42ec'::uuid, '2026-06-21 13:04:08.84253+00'::timestamptz, NULL),
  ('c70c4012-8cf9-4ae3-90d6-c92863e25714'::uuid, 'ae1e4356-1f88-441a-b668-01f8da9f5a2a'::uuid, '8b2d5a80-069e-434b-8bfc-4813804b83dd'::uuid, '2026-06-21 13:04:08.84253+00'::timestamptz, NULL),
  ('69db0421-30d3-44c1-a3d3-87de7af7b385'::uuid, 'ae1e4356-1f88-441a-b668-01f8da9f5a2a'::uuid, 'a43e8224-f588-4b73-85a2-27c0d48f038e'::uuid, '2026-06-21 13:04:08.84253+00'::timestamptz, NULL),
  ('cdf11582-db86-4237-b5ee-28b97312819f'::uuid, 'ae1e4356-1f88-441a-b668-01f8da9f5a2a'::uuid, 'b420ee1d-e81c-4959-9891-afbdb4f1374b'::uuid, '2026-06-21 13:04:08.84253+00'::timestamptz, NULL),
  ('c47519ac-3538-4a57-9f1f-de0f57762c21'::uuid, 'ae1e4356-1f88-441a-b668-01f8da9f5a2a'::uuid, '6a59ad85-24f2-4284-80b2-47ebc0e07acb'::uuid, '2026-06-21 13:04:08.84253+00'::timestamptz, NULL),
  ('c331f2db-3964-47cf-9c96-fa2f3493da23'::uuid, 'ae1e4356-1f88-441a-b668-01f8da9f5a2a'::uuid, '56f4df28-a6f9-4e2f-9bd0-178b1af9a73d'::uuid, '2026-06-21 13:04:08.84253+00'::timestamptz, NULL),
  ('85665495-d1f5-4da5-973d-e44d3111ae0d'::uuid, 'ae1e4356-1f88-441a-b668-01f8da9f5a2a'::uuid, 'e880934b-9fa6-47db-9348-1997c9bf937c'::uuid, '2026-06-21 13:04:08.84253+00'::timestamptz, NULL),
  ('bd64bb0d-edde-40a5-900a-89cd1255c734'::uuid, 'ae1e4356-1f88-441a-b668-01f8da9f5a2a'::uuid, 'c46f5e37-2690-4c67-8e19-23f121534fd7'::uuid, '2026-06-21 13:04:08.84253+00'::timestamptz, NULL),
  ('edfe090a-c4b9-419d-9904-7907a8869ac2'::uuid, 'ae1e4356-1f88-441a-b668-01f8da9f5a2a'::uuid, '6d5fe2e1-1223-4505-9b09-a22382466ea7'::uuid, '2026-06-21 13:04:08.84253+00'::timestamptz, NULL),
  ('d6873a55-76a7-41c3-bdba-cf5a73e84908'::uuid, 'ae1e4356-1f88-441a-b668-01f8da9f5a2a'::uuid, 'e9f36411-7f76-465f-b868-e11ea0899ec9'::uuid, '2026-06-21 13:04:08.84253+00'::timestamptz, NULL),
  ('9fc49360-7ad7-4842-b7e6-ed73795c97f1'::uuid, 'ae1e4356-1f88-441a-b668-01f8da9f5a2a'::uuid, 'f7e2e08d-308f-4d57-8ffe-0acfe0300440'::uuid, '2026-06-21 13:04:08.84253+00'::timestamptz, NULL),
  ('e9e5a7c7-25b6-43ae-961b-7998e96f2f90'::uuid, 'ae1e4356-1f88-441a-b668-01f8da9f5a2a'::uuid, '5d20fb02-7e14-44fa-b8a8-bccfc47a3954'::uuid, '2026-06-21 13:04:08.84253+00'::timestamptz, NULL),
  ('06f88c14-deb6-43b0-a349-156ffb57db3f'::uuid, 'ae1e4356-1f88-441a-b668-01f8da9f5a2a'::uuid, '35990073-ea4c-43d3-bdd0-fdd09849fae7'::uuid, '2026-06-21 13:04:08.84253+00'::timestamptz, NULL),
  ('87dddd62-c82f-4a5c-82f3-cc551ffd66ba'::uuid, 'ae1e4356-1f88-441a-b668-01f8da9f5a2a'::uuid, '1c5e34de-a556-4085-a433-c4d1d29cf38f'::uuid, '2026-06-21 13:04:08.84253+00'::timestamptz, NULL),
  ('1bf7d5f1-8a5e-43a0-93a4-874fa623462b'::uuid, 'ae1e4356-1f88-441a-b668-01f8da9f5a2a'::uuid, '597258a1-6fb1-4a68-b5f0-bf4709b44c61'::uuid, '2026-06-21 13:04:08.84253+00'::timestamptz, NULL),
  ('89e2b470-41e1-4d35-babe-d43f94655dea'::uuid, 'ae1e4356-1f88-441a-b668-01f8da9f5a2a'::uuid, '1038575c-ea2d-49b1-a5d1-19debfc2f950'::uuid, '2026-06-21 13:04:08.84253+00'::timestamptz, NULL),
  ('9bd6a5d0-1c0e-411b-abc2-7d337da4c7d2'::uuid, 'ae1e4356-1f88-441a-b668-01f8da9f5a2a'::uuid, 'eb19bdc2-033b-40b2-baf5-682fa4393237'::uuid, '2026-06-21 13:04:08.84253+00'::timestamptz, NULL),
  ('ae2cdc5c-ac43-4691-ba18-b9e11ccc69ae'::uuid, 'ae1e4356-1f88-441a-b668-01f8da9f5a2a'::uuid, '6da0a660-bc48-4f48-a101-837ab3b459f7'::uuid, '2026-06-21 13:04:08.84253+00'::timestamptz, NULL),
  ('42f43e8d-48a5-4c39-87af-36623cc3500a'::uuid, 'ae1e4356-1f88-441a-b668-01f8da9f5a2a'::uuid, '0e241ab2-c728-4090-972f-692eabb6cfc2'::uuid, '2026-06-21 13:04:08.84253+00'::timestamptz, NULL),
  ('33be95ee-c092-43b0-8b60-93e825f80383'::uuid, 'ae1e4356-1f88-441a-b668-01f8da9f5a2a'::uuid, 'd638117f-43a6-4cfc-a57f-2174eb9fef91'::uuid, '2026-06-21 13:04:08.84253+00'::timestamptz, NULL),
  ('d6930186-d125-4578-a970-2940a8fc792a'::uuid, 'ae1e4356-1f88-441a-b668-01f8da9f5a2a'::uuid, '6343bec6-bca6-4d69-9989-e1615b3d0b5d'::uuid, '2026-06-21 13:04:08.84253+00'::timestamptz, NULL),
  ('5e7e419f-fb33-4d12-b740-00c79bcbc5db'::uuid, 'ae1e4356-1f88-441a-b668-01f8da9f5a2a'::uuid, 'b15f0cd5-11f4-4cf5-b496-56077b338ca9'::uuid, '2026-06-21 13:04:08.84253+00'::timestamptz, NULL),
  ('52b01033-56c4-4816-9fbb-0f608bb30d3b'::uuid, 'ae1e4356-1f88-441a-b668-01f8da9f5a2a'::uuid, 'a39c64ef-588e-4d9d-996d-28466fbdce4e'::uuid, '2026-06-21 13:04:08.84253+00'::timestamptz, NULL),
  ('798a798a-ae1f-44ef-91fa-adef1bc61ad0'::uuid, 'ae1e4356-1f88-441a-b668-01f8da9f5a2a'::uuid, '1a342e8a-d1fc-4258-90b5-0804761f85a0'::uuid, '2026-06-21 13:04:08.84253+00'::timestamptz, NULL),
  ('19d3c8e7-5c73-4aef-a197-6a5e0f19bd4e'::uuid, 'ae1e4356-1f88-441a-b668-01f8da9f5a2a'::uuid, '98ce8a82-8ed8-4ff1-a1e6-b9bad8bb9586'::uuid, '2026-06-21 13:04:08.84253+00'::timestamptz, NULL),
  ('dd184824-0948-4c36-8278-0dc348e562a0'::uuid, 'ae1e4356-1f88-441a-b668-01f8da9f5a2a'::uuid, '46736001-2a6f-40b2-a3ca-13d569fd5d48'::uuid, '2026-06-21 13:04:08.84253+00'::timestamptz, NULL),
  ('04382609-f07a-491f-b1c7-b9f18846f990'::uuid, 'ae1e4356-1f88-441a-b668-01f8da9f5a2a'::uuid, '06d6c46c-9033-4697-a209-0f8eeea3b08a'::uuid, '2026-06-21 13:04:08.84253+00'::timestamptz, NULL),
  ('7d1c66ff-9121-4973-ae1f-4c0c5f7ad170'::uuid, 'ae1e4356-1f88-441a-b668-01f8da9f5a2a'::uuid, '1e6fb04d-fbeb-4c5d-aafd-0059ce90a55f'::uuid, '2026-06-21 13:04:08.84253+00'::timestamptz, NULL),
  ('d54614cc-6a13-4bf1-aedb-ea156a7d7e10'::uuid, 'ae1e4356-1f88-441a-b668-01f8da9f5a2a'::uuid, '1d6e7bea-873b-45ad-84cb-4ea66706c72c'::uuid, '2026-06-21 13:04:08.84253+00'::timestamptz, NULL),
  ('7faaa427-9e67-460e-8664-442fffb6fa88'::uuid, 'ae1e4356-1f88-441a-b668-01f8da9f5a2a'::uuid, 'b239ee5e-8400-42ae-b240-d63b2fbbc61f'::uuid, '2026-06-21 13:04:08.84253+00'::timestamptz, NULL),
  ('5d931650-5a4c-4ebf-89cc-b10bcb65d18b'::uuid, 'ae1e4356-1f88-441a-b668-01f8da9f5a2a'::uuid, 'd909a74f-5d80-4250-b610-30112a2a2d03'::uuid, '2026-06-21 13:04:08.84253+00'::timestamptz, NULL),
  ('8f6d649a-48a2-4dc6-a6a2-848c7767f230'::uuid, 'ae1e4356-1f88-441a-b668-01f8da9f5a2a'::uuid, 'b6998205-2e92-4079-b823-9a4782cafde2'::uuid, '2026-06-21 13:04:08.84253+00'::timestamptz, NULL),
  ('2a86a162-c664-4ab3-a62a-40d0e055329a'::uuid, 'ae1e4356-1f88-441a-b668-01f8da9f5a2a'::uuid, 'fc2340a9-638b-493f-b120-30bac8662f79'::uuid, '2026-06-21 13:04:08.84253+00'::timestamptz, NULL)
ON CONFLICT (id) DO NOTHING;

INSERT INTO public.department_items (id, department_id, item_id, added_at, deleted_at) VALUES
  ('a15e15c2-16a3-4f24-821d-6694870f1109'::uuid, 'ae1e4356-1f88-441a-b668-01f8da9f5a2a'::uuid, '8441ef83-2725-4694-9bec-14df626c5c2b'::uuid, '2026-06-21 13:04:08.84253+00'::timestamptz, NULL),
  ('288cf0b2-f101-4b5e-ae8f-3fa504349327'::uuid, 'ae1e4356-1f88-441a-b668-01f8da9f5a2a'::uuid, '57f9cf8e-cbd2-4f50-99b9-2dbbef3a0a60'::uuid, '2026-06-21 13:04:08.84253+00'::timestamptz, NULL),
  ('56e1fa29-c597-4fbc-9727-30965c020213'::uuid, 'ae1e4356-1f88-441a-b668-01f8da9f5a2a'::uuid, '4703f94c-c829-4346-8743-3f0ba0a40dcf'::uuid, '2026-06-21 13:04:08.84253+00'::timestamptz, NULL),
  ('40d60675-1627-4b73-85f5-5d4e6e009a56'::uuid, 'ae1e4356-1f88-441a-b668-01f8da9f5a2a'::uuid, '819ca7ce-63ba-45f7-a3e3-6d7c6d5d0e20'::uuid, '2026-06-21 13:04:08.84253+00'::timestamptz, NULL),
  ('1d475820-b763-482e-aeb2-2fb65efbe566'::uuid, 'ae1e4356-1f88-441a-b668-01f8da9f5a2a'::uuid, 'c0860aba-2c18-4d08-87e5-5226c6a985bd'::uuid, '2026-06-21 13:04:08.84253+00'::timestamptz, NULL),
  ('6b0c262d-c163-4d2b-87ed-1794ee145af9'::uuid, 'ae1e4356-1f88-441a-b668-01f8da9f5a2a'::uuid, '5c85c3ff-e953-4cee-a5b5-d96f186b0e4a'::uuid, '2026-06-21 13:04:08.84253+00'::timestamptz, NULL),
  ('938e912a-42bd-45e2-9896-db2b4844c091'::uuid, 'ae1e4356-1f88-441a-b668-01f8da9f5a2a'::uuid, '112c4355-679e-4237-9d67-7b4bb19ed886'::uuid, '2026-06-21 13:04:08.84253+00'::timestamptz, NULL),
  ('da7df45f-d1b1-45e9-8d0f-9f617843d77c'::uuid, 'ae1e4356-1f88-441a-b668-01f8da9f5a2a'::uuid, '352de9af-3602-426f-8981-ae5981654e7b'::uuid, '2026-06-21 13:04:08.84253+00'::timestamptz, NULL),
  ('0b538a22-6841-4b0c-8c5b-f7d7169a3cfd'::uuid, 'ae1e4356-1f88-441a-b668-01f8da9f5a2a'::uuid, 'eddc9135-cc7a-4f05-b30c-4e5dbb2f93c1'::uuid, '2026-06-21 13:04:08.84253+00'::timestamptz, NULL),
  ('99d870a9-0ea2-48c2-a60d-0a6112b2d3b6'::uuid, 'ae1e4356-1f88-441a-b668-01f8da9f5a2a'::uuid, '312b7ea1-1934-4a46-865c-8df34d17390d'::uuid, '2026-06-21 13:04:08.84253+00'::timestamptz, NULL),
  ('3233abc3-9b01-411a-8df4-5491510df49c'::uuid, 'ae1e4356-1f88-441a-b668-01f8da9f5a2a'::uuid, 'b8495859-c510-41e7-8b77-3c50929b65be'::uuid, '2026-06-21 13:04:08.84253+00'::timestamptz, NULL),
  ('5ed9f20c-e22c-4b71-bd72-45d39e2d5bda'::uuid, 'ae1e4356-1f88-441a-b668-01f8da9f5a2a'::uuid, 'd9c34f63-20d2-4e04-aa6e-58640a87da5f'::uuid, '2026-06-21 13:04:08.84253+00'::timestamptz, NULL),
  ('13534eba-a171-45f4-97d8-e0b3f5fbb7d8'::uuid, 'ae1e4356-1f88-441a-b668-01f8da9f5a2a'::uuid, '619add4a-46f8-4703-aeff-354507da1fc9'::uuid, '2026-06-21 13:04:08.84253+00'::timestamptz, NULL),
  ('310a2712-dc73-48c4-baeb-a54b956d632e'::uuid, 'ae1e4356-1f88-441a-b668-01f8da9f5a2a'::uuid, '10048243-cbf5-4047-8163-ed94659af680'::uuid, '2026-06-21 13:04:08.84253+00'::timestamptz, NULL),
  ('b53af96c-0e0a-4371-a6d4-c3eb5543edfb'::uuid, 'ae1e4356-1f88-441a-b668-01f8da9f5a2a'::uuid, 'b267eb2e-5c1f-42c6-ac61-b55f12192112'::uuid, '2026-06-21 13:04:08.84253+00'::timestamptz, NULL),
  ('93b2ae72-b863-436d-92b2-3de5125a57a6'::uuid, 'ae1e4356-1f88-441a-b668-01f8da9f5a2a'::uuid, '3af54175-1ab2-434f-a0fe-e6054094dd21'::uuid, '2026-06-21 13:04:08.84253+00'::timestamptz, NULL),
  ('59a404a4-73ef-4120-8a56-9dc9f28e1a3d'::uuid, 'ae1e4356-1f88-441a-b668-01f8da9f5a2a'::uuid, '2647180d-1619-4404-a025-11892685041f'::uuid, '2026-06-21 13:04:08.84253+00'::timestamptz, NULL),
  ('8669378d-a7ec-4945-a103-adf61a40ee6e'::uuid, 'ae1e4356-1f88-441a-b668-01f8da9f5a2a'::uuid, 'db7c01bb-d487-4caa-86de-cac45fa799b7'::uuid, '2026-06-21 13:04:08.84253+00'::timestamptz, NULL),
  ('098f0caf-7cbd-463f-a607-6ff3f53d791a'::uuid, 'ae1e4356-1f88-441a-b668-01f8da9f5a2a'::uuid, 'c03ab2e2-af74-4f11-812c-914147984b09'::uuid, '2026-06-21 13:04:08.84253+00'::timestamptz, NULL),
  ('d615edb8-4fa5-4f50-902f-ada98e5b6d53'::uuid, 'ae1e4356-1f88-441a-b668-01f8da9f5a2a'::uuid, 'b6dabb1d-ff23-4aa4-b5bb-bba2fd123d82'::uuid, '2026-06-21 13:04:08.84253+00'::timestamptz, NULL),
  ('e60b58e5-e3e6-4b9f-bafb-c49b5f462de6'::uuid, 'ae1e4356-1f88-441a-b668-01f8da9f5a2a'::uuid, '8648fabe-7e76-4470-ae97-ae7585c0d087'::uuid, '2026-06-21 13:04:08.84253+00'::timestamptz, NULL),
  ('365e3a62-6325-45f9-8fc3-ff71c9fa7a3a'::uuid, 'ae1e4356-1f88-441a-b668-01f8da9f5a2a'::uuid, 'e4d8a5f6-06ee-4434-902c-ef5f3e6e44a9'::uuid, '2026-06-21 13:04:08.84253+00'::timestamptz, NULL),
  ('d3cd4beb-1a57-4d91-8340-ef66d67c62e8'::uuid, 'ae1e4356-1f88-441a-b668-01f8da9f5a2a'::uuid, 'f4db870a-8a60-4e5a-8330-b0fed3a3e8d0'::uuid, '2026-06-21 13:04:08.84253+00'::timestamptz, NULL),
  ('e8395469-c5a6-434e-ab98-68f97fcb65b0'::uuid, 'ae1e4356-1f88-441a-b668-01f8da9f5a2a'::uuid, '5925372b-4aa1-4f57-ba32-48af6baf62c7'::uuid, '2026-06-21 13:04:08.84253+00'::timestamptz, NULL),
  ('426325a0-c59b-426b-baa8-25060905d6a6'::uuid, 'ae1e4356-1f88-441a-b668-01f8da9f5a2a'::uuid, 'afa40998-195d-4d2b-9f11-8c4fa19fe476'::uuid, '2026-06-21 13:04:08.84253+00'::timestamptz, NULL),
  ('a691e35a-6259-4198-ae24-e8d5a52c47bd'::uuid, 'ae1e4356-1f88-441a-b668-01f8da9f5a2a'::uuid, '14e3cbf3-89bb-4702-9511-b3af7a02943a'::uuid, '2026-06-21 13:04:08.84253+00'::timestamptz, NULL),
  ('53713c44-200a-4004-bf4a-7cb18a274d4b'::uuid, 'ae1e4356-1f88-441a-b668-01f8da9f5a2a'::uuid, 'c4486655-fa5f-46b8-87af-5497c12b47ab'::uuid, '2026-06-21 13:04:08.84253+00'::timestamptz, NULL),
  ('d3e10735-8571-4b05-b11a-1a84568f35a7'::uuid, 'ae1e4356-1f88-441a-b668-01f8da9f5a2a'::uuid, '27c14379-5016-450e-834c-cc672d2bcec8'::uuid, '2026-06-21 13:04:08.84253+00'::timestamptz, NULL),
  ('3d3d01f5-c3c6-4335-b3bf-639519db262c'::uuid, 'ae1e4356-1f88-441a-b668-01f8da9f5a2a'::uuid, '6dd8e41c-334f-486e-bf7c-ceec33d9cb16'::uuid, '2026-06-21 13:04:08.84253+00'::timestamptz, NULL),
  ('d8055d37-b7ba-4799-903e-6224f7ba2c63'::uuid, 'ae1e4356-1f88-441a-b668-01f8da9f5a2a'::uuid, 'e3d948dc-b8aa-4812-a5a9-49c7489a9eb3'::uuid, '2026-06-21 13:04:08.84253+00'::timestamptz, NULL),
  ('dd321884-d9c4-4a14-b615-920a221f3381'::uuid, 'ae1e4356-1f88-441a-b668-01f8da9f5a2a'::uuid, 'bff45b74-3470-4660-888e-14bf38f558cb'::uuid, '2026-06-21 13:04:08.84253+00'::timestamptz, NULL),
  ('86eb2d87-66b8-42d6-a305-c7719ab591c5'::uuid, 'ae1e4356-1f88-441a-b668-01f8da9f5a2a'::uuid, '57148b69-b88e-4167-81d6-9327d7a1a6cd'::uuid, '2026-06-21 13:04:08.84253+00'::timestamptz, NULL),
  ('612b6bb0-f5c7-4272-878a-d839bcc9f01c'::uuid, 'ae1e4356-1f88-441a-b668-01f8da9f5a2a'::uuid, '61408451-7f06-4716-bb44-364e8f2fa2e6'::uuid, '2026-06-21 13:04:08.84253+00'::timestamptz, NULL),
  ('aeaa7768-5e16-4867-b13a-d09645caaf6e'::uuid, 'ae1e4356-1f88-441a-b668-01f8da9f5a2a'::uuid, '185b01c5-274f-4e3c-bce5-d03269ec8dd4'::uuid, '2026-06-21 13:04:08.84253+00'::timestamptz, NULL),
  ('d3c3e620-0eab-45d3-bb82-2d5c236e3bc1'::uuid, 'ae1e4356-1f88-441a-b668-01f8da9f5a2a'::uuid, '0e908b3e-09f7-46de-9ae3-bec615f74351'::uuid, '2026-06-21 13:04:08.84253+00'::timestamptz, NULL),
  ('95a6e3ec-1754-4329-aef7-7a9115b74c07'::uuid, 'ae1e4356-1f88-441a-b668-01f8da9f5a2a'::uuid, 'f7da14b2-7902-4288-83d8-7ebef3124a73'::uuid, '2026-06-21 13:04:08.84253+00'::timestamptz, NULL),
  ('1426fa06-9a8c-485f-b745-26507e10fa37'::uuid, 'ae1e4356-1f88-441a-b668-01f8da9f5a2a'::uuid, 'e21ea3f5-fd9e-4f9f-8ae9-6c75ac1592dc'::uuid, '2026-06-21 13:04:08.84253+00'::timestamptz, NULL),
  ('adbec8f1-7b55-4cab-ae42-68cfd2973fc6'::uuid, 'ae1e4356-1f88-441a-b668-01f8da9f5a2a'::uuid, '31e53412-f0f8-44f7-a504-bf11c5948c25'::uuid, '2026-06-21 13:04:08.84253+00'::timestamptz, NULL),
  ('c957ac47-6121-4f8f-aebe-9149a7fcffbb'::uuid, 'ae1e4356-1f88-441a-b668-01f8da9f5a2a'::uuid, 'f5a7f561-9ec9-437e-9512-a2671f0522ac'::uuid, '2026-06-21 13:04:08.84253+00'::timestamptz, NULL),
  ('1414d93d-6eb7-45cb-940e-e93ae03dfa8e'::uuid, 'ae1e4356-1f88-441a-b668-01f8da9f5a2a'::uuid, 'e57b833b-320e-4f22-a525-7c5913452611'::uuid, '2026-06-21 13:04:08.84253+00'::timestamptz, NULL),
  ('54a43ddb-1b2c-4eef-b68a-7406431c1a6d'::uuid, 'ae1e4356-1f88-441a-b668-01f8da9f5a2a'::uuid, 'a724b2b9-afab-49ac-b8a2-ef79b628fc61'::uuid, '2026-06-21 13:04:08.84253+00'::timestamptz, NULL),
  ('5f2ce11e-d7b1-445e-a8db-f5ddcb9bf788'::uuid, 'ae1e4356-1f88-441a-b668-01f8da9f5a2a'::uuid, 'ed6e4b08-1e91-435a-a268-60a8c74eff02'::uuid, '2026-06-21 13:04:08.84253+00'::timestamptz, NULL),
  ('714b2e66-3980-4007-8f99-cfb5bd38e519'::uuid, 'ae1e4356-1f88-441a-b668-01f8da9f5a2a'::uuid, '8b5fa484-eb29-4978-9178-f48f35ed0c3d'::uuid, '2026-06-21 13:04:08.84253+00'::timestamptz, NULL),
  ('ebc5cb9f-5af0-4e46-9b3d-0eaa8e4df902'::uuid, 'ae1e4356-1f88-441a-b668-01f8da9f5a2a'::uuid, 'ad320e41-10eb-47eb-923f-9f8bf670f523'::uuid, '2026-06-21 13:04:08.84253+00'::timestamptz, NULL),
  ('42349c28-e466-414f-aed4-1e2c4490e7b4'::uuid, 'ae1e4356-1f88-441a-b668-01f8da9f5a2a'::uuid, 'bc6f35c5-ceb0-4276-bdc3-b485e90a1437'::uuid, '2026-06-21 13:04:08.84253+00'::timestamptz, NULL),
  ('fbbe1de0-142d-45a1-bbe1-12b113434718'::uuid, 'ae1e4356-1f88-441a-b668-01f8da9f5a2a'::uuid, '2a04d165-9b30-4aa0-81e3-f5bbe1196289'::uuid, '2026-06-21 13:04:08.84253+00'::timestamptz, NULL),
  ('f1aedaae-e4e3-4f10-a6f8-6c84861b0f8e'::uuid, 'ae1e4356-1f88-441a-b668-01f8da9f5a2a'::uuid, 'f111a1fc-9d41-4bc4-9e41-7b400eac51da'::uuid, '2026-06-21 13:04:08.84253+00'::timestamptz, NULL),
  ('d221c23a-22de-4b7d-9277-9a4d3a7b5419'::uuid, 'ae1e4356-1f88-441a-b668-01f8da9f5a2a'::uuid, '9a1ca06d-dfe2-4632-a17f-da32be14b0ef'::uuid, '2026-06-21 13:04:08.84253+00'::timestamptz, NULL),
  ('e5cfc9f1-2065-4ff6-a3de-06333a06f1f5'::uuid, 'ae1e4356-1f88-441a-b668-01f8da9f5a2a'::uuid, '67a8ce81-7438-4b7f-8ef5-4d9c7460ab7f'::uuid, '2026-06-21 13:04:08.84253+00'::timestamptz, NULL),
  ('cf1b5fdc-7714-4a59-b572-95a796c6ad3c'::uuid, 'ae1e4356-1f88-441a-b668-01f8da9f5a2a'::uuid, '8e13fab1-8350-4556-8c21-d5950b8de532'::uuid, '2026-06-21 13:04:08.84253+00'::timestamptz, NULL)
ON CONFLICT (id) DO NOTHING;

INSERT INTO public.department_items (id, department_id, item_id, added_at, deleted_at) VALUES
  ('2eb6c696-6610-455b-9f7c-c004d21598fb'::uuid, 'ae1e4356-1f88-441a-b668-01f8da9f5a2a'::uuid, '49a1cfdc-3f43-45a9-a79e-0380564d14ec'::uuid, '2026-06-21 13:04:08.84253+00'::timestamptz, NULL),
  ('a061bf62-b091-41ba-ab5d-1095f5044fee'::uuid, 'ae1e4356-1f88-441a-b668-01f8da9f5a2a'::uuid, '76b03838-5ab9-40b7-8c7a-66fedf9e204b'::uuid, '2026-06-21 13:04:08.84253+00'::timestamptz, NULL),
  ('9dbf1198-8a83-4a54-9c26-7ee79eb9c207'::uuid, 'ae1e4356-1f88-441a-b668-01f8da9f5a2a'::uuid, '4671afca-fe4d-4a1f-a147-441e7d2a311b'::uuid, '2026-06-21 13:04:08.84253+00'::timestamptz, NULL),
  ('1d3261ab-af70-4df7-8e86-a970fe6b7bf1'::uuid, 'e6a13403-5dd8-448d-b84a-75432fc97871'::uuid, '562ed835-fee9-44cc-b669-160cb8265187'::uuid, '2026-06-21 04:44:52.127587+00'::timestamptz, NULL),
  ('2070bb4f-45d6-444c-9372-9102c4798557'::uuid, 'e6a13403-5dd8-448d-b84a-75432fc97871'::uuid, '116e23b1-5bdd-47f1-8d79-1dd76ecde3fb'::uuid, '2026-06-21 08:35:10.561069+00'::timestamptz, NULL),
  ('d1771f96-8116-4b9b-a7f8-877b2bc048f7'::uuid, 'e6a13403-5dd8-448d-b84a-75432fc97871'::uuid, 'a8d684b6-2a41-4343-a391-7d6c26df4ba8'::uuid, '2026-06-21 08:35:10.8646+00'::timestamptz, NULL),
  ('8063a83c-3896-45ad-9c45-854f95f1cd1b'::uuid, 'e6a13403-5dd8-448d-b84a-75432fc97871'::uuid, '67534a17-ff44-4342-993f-685d064fbd50'::uuid, '2026-06-21 08:35:11.168902+00'::timestamptz, NULL),
  ('67185838-3d1e-4e4b-9a86-27e180160713'::uuid, 'e6a13403-5dd8-448d-b84a-75432fc97871'::uuid, '0f6dea43-dfb6-4617-99ca-91ad3aebd4ef'::uuid, '2026-06-21 08:35:11.464463+00'::timestamptz, NULL)
ON CONFLICT (id) DO NOTHING;

COMMIT;
